{"__type":"$$EventMessageAudit","id":"38e9fd69-9d3a-49e4-a71c-f979ea35126c","ts":"2025-11-07T23:34:11.778+00:00","eventName":"n8n.audit.user.login.success","message":"n8n.audit.user.login.success","payload":{"userId":"a847cc1d-d439-4c8d-ac02-192de4d567cd","_email":"fabianvillablanca97@gmail.com","_firstName":"Fabian","_lastName":"Villablanca","globalRole":"global:owner","authenticationMethod":"email"}}
{"__type":"$$EventMessageConfirm","confirm":"38e9fd69-9d3a-49e4-a71c-f979ea35126c","ts":"2025-11-07T23:34:11.781+00:00","source":{"id":"0","name":"eventBus"}}
{"__type":"$$EventMessageAudit","id":"d8ee7672-cdb7-400a-868f-e8feeb9b96c5","ts":"2025-11-07T23:35:11.039+00:00","eventName":"n8n.audit.workflow.updated","message":"n8n.audit.workflow.updated","payload":{"userId":"a847cc1d-d439-4c8d-ac02-192de4d567cd","_email":"fabianvillablanca97@gmail.com","_firstName":"Fabian","_lastName":"Villablanca","globalRole":"global:owner","workflowId":"F9MOsY9ig6xDqFOn","workflowName":"Telegram ventas"}}
{"__type":"$$EventMessageConfirm","confirm":"d8ee7672-cdb7-400a-868f-e8feeb9b96c5","ts":"2025-11-07T23:35:11.039+00:00","source":{"id":"0","name":"eventBus"}}
{"__type":"$$EventMessageWorkflow","id":"fa80dff7-c997-4d82-acda-c9cb94b37cc8","ts":"2025-11-07T23:36:41.777+00:00","eventName":"n8n.workflow.started","message":"n8n.workflow.started","payload":{"executionId":"25","workflowId":"F9MOsY9ig6xDqFOn","isManual":false,"workflowName":"Telegram ventas"}}
{"__type":"$$EventMessageConfirm","confirm":"fa80dff7-c997-4d82-acda-c9cb94b37cc8","ts":"2025-11-07T23:36:41.777+00:00","source":{"id":"0","name":"eventBus"}}
{"__type":"$$EventMessageNode","id":"8bf423e8-83e4-4b8c-b4b7-dd21d96d5ddb","ts":"2025-11-07T23:36:41.780+00:00","eventName":"n8n.node.started","message":"n8n.node.started","payload":{"workflowId":"F9MOsY9ig6xDqFOn","workflowName":"Telegram ventas","executionId":"25","nodeType":"n8n-nodes-base.telegramTrigger","nodeName":"Telegram Trigger","nodeId":"d8dad8de-bbff-4981-8299-ca61adb305d8"}}
{"__type":"$$EventMessageConfirm","confirm":"8bf423e8-83e4-4b8c-b4b7-dd21d96d5ddb","ts":"2025-11-07T23:36:41.780+00:00","source":{"id":"0","name":"eventBus"}}
{"__type":"$$EventMessageNode","id":"b5e36aef-69ac-4736-a8f3-b652cae003fa","ts":"2025-11-07T23:36:41.782+00:00","eventName":"n8n.node.finished","message":"n8n.node.finished","payload":{"workflowId":"F9MOsY9ig6xDqFOn","workflowName":"Telegram ventas","executionId":"25","nodeType":"n8n-nodes-base.telegramTrigger","nodeName":"Telegram Trigger","nodeId":"d8dad8de-bbff-4981-8299-ca61adb305d8"}}
{"__type":"$$EventMessageConfirm","confirm":"b5e36aef-69ac-4736-a8f3-b652cae003fa","ts":"2025-11-07T23:36:41.782+00:00","source":{"id":"0","name":"eventBus"}}
{"__type":"$$EventMessageWorkflow","id":"6916d7f4-f345-4066-a887-71cfe6c4b746","ts":"2025-11-07T23:36:41.788+00:00","eventName":"n8n.workflow.success","message":"n8n.workflow.success","payload":{"executionId":"25","success":true,"isManual":true,"workflowId":"F9MOsY9ig6xDqFOn","workflowName":"Telegram ventas"}}
{"__type":"$$EventMessageConfirm","confirm":"6916d7f4-f345-4066-a887-71cfe6c4b746","ts":"2025-11-07T23:36:41.788+00:00","source":{"id":"0","name":"eventBus"}}
{"__type":"$$EventMessageWorkflow","id":"9b8df6ce-61f4-4a25-953f-966fad976a4e","ts":"2025-11-07T23:40:36.076+00:00","eventName":"n8n.workflow.started","message":"n8n.workflow.started","payload":{"executionId":"26","workflowId":"F9MOsY9ig6xDqFOn","isManual":false,"workflowName":"Telegram ventas"}}
{"__type":"$$EventMessageConfirm","confirm":"9b8df6ce-61f4-4a25-953f-966fad976a4e","ts":"2025-11-07T23:40:36.076+00:00","source":{"id":"0","name":"eventBus"}}
{"__type":"$$EventMessageNode","id":"e8f896eb-a8c3-4a3d-b0f6-1c58f7f775ad","ts":"2025-11-07T23:40:36.080+00:00","eventName":"n8n.node.started","message":"n8n.node.started","payload":{"workflowId":"F9MOsY9ig6xDqFOn","workflowName":"Telegram ventas","executionId":"26","nodeType":"n8n-nodes-base.set","nodeName":"Edit Fields","nodeId":"0adcd2be-3121-4a7d-8bbf-4d85519b26da"}}
{"__type":"$$EventMessageConfirm","confirm":"e8f896eb-a8c3-4a3d-b0f6-1c58f7f775ad","ts":"2025-11-07T23:40:36.080+00:00","source":{"id":"0","name":"eventBus"}}
{"__type":"$$EventMessageNode","id":"c333e895-f870-4aba-9e82-1f138a58cf82","ts":"2025-11-07T18:40:36.183-05:00","eventName":"n8n.node.finished","message":"n8n.node.finished","payload":{"workflowId":"F9MOsY9ig6xDqFOn","workflowName":"Telegram ventas","executionId":"26","nodeType":"n8n-nodes-base.set","nodeName":"Edit Fields","nodeId":"0adcd2be-3121-4a7d-8bbf-4d85519b26da"}}
{"__type":"$$EventMessageConfirm","confirm":"c333e895-f870-4aba-9e82-1f138a58cf82","ts":"2025-11-07T18:40:36.184-05:00","source":{"id":"0","name":"eventBus"}}
{"__type":"$$EventMessageWorkflow","id":"b5429ad1-de84-4215-bb56-df20f4295b6a","ts":"2025-11-07T18:40:36.188-05:00","eventName":"n8n.workflow.success","message":"n8n.workflow.success","payload":{"userId":"a847cc1d-d439-4c8d-ac02-192de4d567cd","executionId":"26","success":true,"isManual":true,"workflowId":"F9MOsY9ig6xDqFOn","workflowName":"Telegram ventas"}}
{"__type":"$$EventMessageConfirm","confirm":"b5429ad1-de84-4215-bb56-df20f4295b6a","ts":"2025-11-07T18:40:36.188-05:00","source":{"id":"0","name":"eventBus"}}
{"__type":"$$EventMessageWorkflow","id":"93d325c8-d782-4ee1-a9c5-18496ad625b2","ts":"2025-11-07T18:42:15.388-05:00","eventName":"n8n.workflow.started","message":"n8n.workflow.started","payload":{"executionId":"27","workflowId":"F9MOsY9ig6xDqFOn","isManual":false,"workflowName":"Telegram ventas"}}
{"__type":"$$EventMessageConfirm","confirm":"93d325c8-d782-4ee1-a9c5-18496ad625b2","ts":"2025-11-07T18:42:15.388-05:00","source":{"id":"0","name":"eventBus"}}
{"__type":"$$EventMessageNode","id":"7745bb16-e5ff-4d2e-90ba-866459223a67","ts":"2025-11-07T18:42:15.390-05:00","eventName":"n8n.node.started","message":"n8n.node.started","payload":{"workflowId":"F9MOsY9ig6xDqFOn","workflowName":"Telegram ventas","executionId":"27","nodeType":"n8n-nodes-base.code","nodeName":"Code in JavaScript","nodeId":"0b90cd4f-9ad6-4409-8f10-71283d02f19e"}}
{"__type":"$$EventMessageConfirm","confirm":"7745bb16-e5ff-4d2e-90ba-866459223a67","ts":"2025-11-07T18:42:15.390-05:00","source":{"id":"0","name":"eventBus"}}
{"__type":"$$EventMessageNode","id":"178808d2-cca4-41d8-bb35-9023d017378d","ts":"2025-11-07T18:42:15.521-05:00","eventName":"n8n.node.finished","message":"n8n.node.finished","payload":{"workflowId":"F9MOsY9ig6xDqFOn","workflowName":"Telegram ventas","executionId":"27","nodeType":"n8n-nodes-base.code","nodeName":"Code in JavaScript","nodeId":"0b90cd4f-9ad6-4409-8f10-71283d02f19e"}}
{"__type":"$$EventMessageConfirm","confirm":"178808d2-cca4-41d8-bb35-9023d017378d","ts":"2025-11-07T18:42:15.521-05:00","source":{"id":"0","name":"eventBus"}}
{"__type":"$$EventMessageWorkflow","id":"918a5ccd-3674-4bff-9c78-4b8cf517fa53","ts":"2025-11-07T18:42:15.526-05:00","eventName":"n8n.workflow.failed","message":"n8n.workflow.failed","payload":{"userId":"a847cc1d-d439-4c8d-ac02-192de4d567cd","executionId":"27","success":false,"isManual":true,"workflowId":"F9MOsY9ig6xDqFOn","workflowName":"Telegram ventas","lastNodeExecuted":"Code in JavaScript","errorNodeType":"n8n-nodes-base.code","errorMessage":"Cannot read properties of undefined (reading 'toLowerCase') [line 1]"}}
{"__type":"$$EventMessageConfirm","confirm":"918a5ccd-3674-4bff-9c78-4b8cf517fa53","ts":"2025-11-07T18:42:15.526-05:00","source":{"id":"0","name":"eventBus"}}
{"__type":"$$EventMessageWorkflow","id":"a6c146b9-4b23-4165-90f7-e31242d4f4ef","ts":"2025-11-07T18:42:20.471-05:00","eventName":"n8n.workflow.started","message":"n8n.workflow.started","payload":{"executionId":"28","workflowId":"F9MOsY9ig6xDqFOn","isManual":false,"workflowName":"Telegram ventas"}}
{"__type":"$$EventMessageConfirm","confirm":"a6c146b9-4b23-4165-90f7-e31242d4f4ef","ts":"2025-11-07T18:42:20.471-05:00","source":{"id":"0","name":"eventBus"}}
{"__type":"$$EventMessageNode","id":"57224450-750a-4b9b-b0a5-8a0d2bcf8c17","ts":"2025-11-07T18:42:20.473-05:00","eventName":"n8n.node.started","message":"n8n.node.started","payload":{"workflowId":"F9MOsY9ig6xDqFOn","workflowName":"Telegram ventas","executionId":"28","nodeType":"n8n-nodes-base.code","nodeName":"Code in JavaScript","nodeId":"0b90cd4f-9ad6-4409-8f10-71283d02f19e"}}
{"__type":"$$EventMessageConfirm","confirm":"57224450-750a-4b9b-b0a5-8a0d2bcf8c17","ts":"2025-11-07T18:42:20.473-05:00","source":{"id":"0","name":"eventBus"}}
{"__type":"$$EventMessageNode","id":"dd097da1-c5f6-42dc-98bd-ebfe5648ff81","ts":"2025-11-07T18:42:20.505-05:00","eventName":"n8n.node.finished","message":"n8n.node.finished","payload":{"workflowId":"F9MOsY9ig6xDqFOn","workflowName":"Telegram ventas","executionId":"28","nodeType":"n8n-nodes-base.code","nodeName":"Code in JavaScript","nodeId":"0b90cd4f-9ad6-4409-8f10-71283d02f19e"}}
{"__type":"$$EventMessageConfirm","confirm":"dd097da1-c5f6-42dc-98bd-ebfe5648ff81","ts":"2025-11-07T18:42:20.505-05:00","source":{"id":"0","name":"eventBus"}}
{"__type":"$$EventMessageWorkflow","id":"5296120c-d350-411e-8399-cf39abc13064","ts":"2025-11-07T18:42:20.507-05:00","eventName":"n8n.workflow.failed","message":"n8n.workflow.failed","payload":{"userId":"a847cc1d-d439-4c8d-ac02-192de4d567cd","executionId":"28","success":false,"isManual":true,"workflowId":"F9MOsY9ig6xDqFOn","workflowName":"Telegram ventas","lastNodeExecuted":"Code in JavaScript","errorNodeType":"n8n-nodes-base.code","errorMessage":"Cannot read properties of undefined (reading 'toLowerCase') [line 1]"}}
{"__type":"$$EventMessageConfirm","confirm":"5296120c-d350-411e-8399-cf39abc13064","ts":"2025-11-07T18:42:20.507-05:00","source":{"id":"0","name":"eventBus"}}
{"__type":"$$EventMessageWorkflow","id":"fff9bd4c-0816-4af3-a45c-7a10945f95d2","ts":"2025-11-07T18:42:27.447-05:00","eventName":"n8n.workflow.started","message":"n8n.workflow.started","payload":{"executionId":"29","workflowId":"F9MOsY9ig6xDqFOn","isManual":false,"workflowName":"Telegram ventas"}}
{"__type":"$$EventMessageConfirm","confirm":"fff9bd4c-0816-4af3-a45c-7a10945f95d2","ts":"2025-11-07T18:42:27.447-05:00","source":{"id":"0","name":"eventBus"}}
{"__type":"$$EventMessageNode","id":"a798dd24-3c61-4b95-b701-1d878e51218b","ts":"2025-11-07T18:42:27.448-05:00","eventName":"n8n.node.started","message":"n8n.node.started","payload":{"workflowId":"F9MOsY9ig6xDqFOn","workflowName":"Telegram ventas","executionId":"29","nodeType":"n8n-nodes-base.code","nodeName":"Code in JavaScript","nodeId":"0b90cd4f-9ad6-4409-8f10-71283d02f19e"}}
{"__type":"$$EventMessageConfirm","confirm":"a798dd24-3c61-4b95-b701-1d878e51218b","ts":"2025-11-07T18:42:27.448-05:00","source":{"id":"0","name":"eventBus"}}
{"__type":"$$EventMessageNode","id":"99798029-9cd0-42d2-bb12-c23cbf4da6e3","ts":"2025-11-07T18:42:27.458-05:00","eventName":"n8n.node.finished","message":"n8n.node.finished","payload":{"workflowId":"F9MOsY9ig6xDqFOn","workflowName":"Telegram ventas","executionId":"29","nodeType":"n8n-nodes-base.code","nodeName":"Code in JavaScript","nodeId":"0b90cd4f-9ad6-4409-8f10-71283d02f19e"}}
{"__type":"$$EventMessageConfirm","confirm":"99798029-9cd0-42d2-bb12-c23cbf4da6e3","ts":"2025-11-07T18:42:27.459-05:00","source":{"id":"0","name":"eventBus"}}
{"__type":"$$EventMessageWorkflow","id":"de36cbd8-cb53-4a91-831d-1f1456b9af17","ts":"2025-11-07T18:42:27.466-05:00","eventName":"n8n.workflow.failed","message":"n8n.workflow.failed","payload":{"userId":"a847cc1d-d439-4c8d-ac02-192de4d567cd","executionId":"29","success":false,"isManual":true,"workflowId":"F9MOsY9ig6xDqFOn","workflowName":"Telegram ventas","lastNodeExecuted":"Code in JavaScript","errorNodeType":"n8n-nodes-base.code","errorMessage":"Cannot read properties of undefined (reading 'toLowerCase') [line 1]"}}
{"__type":"$$EventMessageConfirm","confirm":"de36cbd8-cb53-4a91-831d-1f1456b9af17","ts":"2025-11-07T18:42:27.466-05:00","source":{"id":"0","name":"eventBus"}}
{"__type":"$$EventMessageWorkflow","id":"9d30259e-3508-413a-96f1-76065a927ad7","ts":"2025-11-07T18:42:53.084-05:00","eventName":"n8n.workflow.started","message":"n8n.workflow.started","payload":{"executionId":"30","workflowId":"F9MOsY9ig6xDqFOn","isManual":false,"workflowName":"Telegram ventas"}}
{"__type":"$$EventMessageConfirm","confirm":"9d30259e-3508-413a-96f1-76065a927ad7","ts":"2025-11-07T18:42:53.084-05:00","source":{"id":"0","name":"eventBus"}}
{"__type":"$$EventMessageNode","id":"c80f6e52-7dc4-4a9b-bf35-aed28dd2dc9a","ts":"2025-11-07T18:42:53.087-05:00","eventName":"n8n.node.started","message":"n8n.node.started","payload":{"workflowId":"F9MOsY9ig6xDqFOn","workflowName":"Telegram ventas","executionId":"30","nodeType":"n8n-nodes-base.telegramTrigger","nodeName":"Telegram Trigger","nodeId":"d8dad8de-bbff-4981-8299-ca61adb305d8"}}
{"__type":"$$EventMessageConfirm","confirm":"c80f6e52-7dc4-4a9b-bf35-aed28dd2dc9a","ts":"2025-11-07T18:42:53.087-05:00","source":{"id":"0","name":"eventBus"}}
{"__type":"$$EventMessageNode","id":"23f3d269-5127-4f44-8abc-738f5f82b3d2","ts":"2025-11-07T18:42:53.092-05:00","eventName":"n8n.node.finished","message":"n8n.node.finished","payload":{"workflowId":"F9MOsY9ig6xDqFOn","workflowName":"Telegram ventas","executionId":"30","nodeType":"n8n-nodes-base.telegramTrigger","nodeName":"Telegram Trigger","nodeId":"d8dad8de-bbff-4981-8299-ca61adb305d8"}}
{"__type":"$$EventMessageConfirm","confirm":"23f3d269-5127-4f44-8abc-738f5f82b3d2","ts":"2025-11-07T18:42:53.092-05:00","source":{"id":"0","name":"eventBus"}}
{"__type":"$$EventMessageNode","id":"f8e8f76f-22fe-4ff3-a5b8-06bd0e4efa10","ts":"2025-11-07T18:42:53.103-05:00","eventName":"n8n.node.started","message":"n8n.node.started","payload":{"workflowId":"F9MOsY9ig6xDqFOn","workflowName":"Telegram ventas","executionId":"30","nodeType":"n8n-nodes-base.set","nodeName":"Edit Fields","nodeId":"0adcd2be-3121-4a7d-8bbf-4d85519b26da"}}
{"__type":"$$EventMessageConfirm","confirm":"f8e8f76f-22fe-4ff3-a5b8-06bd0e4efa10","ts":"2025-11-07T18:42:53.103-05:00","source":{"id":"0","name":"eventBus"}}
{"__type":"$$EventMessageNode","id":"136c3cd9-dcff-4743-b192-34bf2a6fa1aa","ts":"2025-11-07T18:42:53.116-05:00","eventName":"n8n.node.finished","message":"n8n.node.finished","payload":{"workflowId":"F9MOsY9ig6xDqFOn","workflowName":"Telegram ventas","executionId":"30","nodeType":"n8n-nodes-base.set","nodeName":"Edit Fields","nodeId":"0adcd2be-3121-4a7d-8bbf-4d85519b26da"}}
{"__type":"$$EventMessageConfirm","confirm":"136c3cd9-dcff-4743-b192-34bf2a6fa1aa","ts":"2025-11-07T18:42:53.116-05:00","source":{"id":"0","name":"eventBus"}}
{"__type":"$$EventMessageNode","id":"fc2db28d-dd95-4e8e-bf78-5e19d37cf5bb","ts":"2025-11-07T18:42:53.118-05:00","eventName":"n8n.node.started","message":"n8n.node.started","payload":{"workflowId":"F9MOsY9ig6xDqFOn","workflowName":"Telegram ventas","executionId":"30","nodeType":"n8n-nodes-base.code","nodeName":"Code in JavaScript","nodeId":"0b90cd4f-9ad6-4409-8f10-71283d02f19e"}}
{"__type":"$$EventMessageConfirm","confirm":"fc2db28d-dd95-4e8e-bf78-5e19d37cf5bb","ts":"2025-11-07T18:42:53.118-05:00","source":{"id":"0","name":"eventBus"}}
{"__type":"$$EventMessageNode","id":"5c158d35-fe39-4a8f-a9a0-6e3eaf2b7f9b","ts":"2025-11-07T18:42:53.136-05:00","eventName":"n8n.node.finished","message":"n8n.node.finished","payload":{"workflowId":"F9MOsY9ig6xDqFOn","workflowName":"Telegram ventas","executionId":"30","nodeType":"n8n-nodes-base.code","nodeName":"Code in JavaScript","nodeId":"0b90cd4f-9ad6-4409-8f10-71283d02f19e"}}
{"__type":"$$EventMessageConfirm","confirm":"5c158d35-fe39-4a8f-a9a0-6e3eaf2b7f9b","ts":"2025-11-07T18:42:53.136-05:00","source":{"id":"0","name":"eventBus"}}
{"__type":"$$EventMessageWorkflow","id":"690783c5-c149-4acb-ace1-4bd0285e099b","ts":"2025-11-07T18:42:53.143-05:00","eventName":"n8n.workflow.failed","message":"n8n.workflow.failed","payload":{"executionId":"30","success":false,"isManual":true,"workflowId":"F9MOsY9ig6xDqFOn","workflowName":"Telegram ventas","lastNodeExecuted":"Code in JavaScript","errorNodeType":"n8n-nodes-base.code","errorMessage":"Cannot read properties of undefined (reading 'toLowerCase') [line 1]"}}
{"__type":"$$EventMessageConfirm","confirm":"690783c5-c149-4acb-ace1-4bd0285e099b","ts":"2025-11-07T18:42:53.143-05:00","source":{"id":"0","name":"eventBus"}}
{"__type":"$$EventMessageWorkflow","id":"8abb85bf-d235-4f71-858d-f6047348a841","ts":"2025-11-07T18:42:57.055-05:00","eventName":"n8n.workflow.started","message":"n8n.workflow.started","payload":{"executionId":"31","workflowId":"F9MOsY9ig6xDqFOn","isManual":false,"workflowName":"Telegram ventas"}}
{"__type":"$$EventMessageConfirm","confirm":"8abb85bf-d235-4f71-858d-f6047348a841","ts":"2025-11-07T18:42:57.056-05:00","source":{"id":"0","name":"eventBus"}}
{"__type":"$$EventMessageNode","id":"f94e5c23-a4fa-40ad-bbc9-d0dbdf2d6a86","ts":"2025-11-07T18:42:57.056-05:00","eventName":"n8n.node.started","message":"n8n.node.started","payload":{"workflowId":"F9MOsY9ig6xDqFOn","workflowName":"Telegram ventas","executionId":"31","nodeType":"n8n-nodes-base.code","nodeName":"Code in JavaScript","nodeId":"0b90cd4f-9ad6-4409-8f10-71283d02f19e"}}
{"__type":"$$EventMessageConfirm","confirm":"f94e5c23-a4fa-40ad-bbc9-d0dbdf2d6a86","ts":"2025-11-07T18:42:57.056-05:00","source":{"id":"0","name":"eventBus"}}
{"__type":"$$EventMessageNode","id":"d139c9ed-dd14-4f32-9da8-d4bfe920ef24","ts":"2025-11-07T18:42:57.076-05:00","eventName":"n8n.node.finished","message":"n8n.node.finished","payload":{"workflowId":"F9MOsY9ig6xDqFOn","workflowName":"Telegram ventas","executionId":"31","nodeType":"n8n-nodes-base.code","nodeName":"Code in JavaScript","nodeId":"0b90cd4f-9ad6-4409-8f10-71283d02f19e"}}
{"__type":"$$EventMessageConfirm","confirm":"d139c9ed-dd14-4f32-9da8-d4bfe920ef24","ts":"2025-11-07T18:42:57.076-05:00","source":{"id":"0","name":"eventBus"}}
{"__type":"$$EventMessageWorkflow","id":"4af17911-2a25-4f33-837c-c7f673159a3d","ts":"2025-11-07T18:42:57.086-05:00","eventName":"n8n.workflow.failed","message":"n8n.workflow.failed","payload":{"userId":"a847cc1d-d439-4c8d-ac02-192de4d567cd","executionId":"31","success":false,"isManual":true,"workflowId":"F9MOsY9ig6xDqFOn","workflowName":"Telegram ventas","lastNodeExecuted":"Code in JavaScript","errorNodeType":"n8n-nodes-base.code","errorMessage":"Cannot read properties of undefined (reading 'toLowerCase') [line 1]"}}
{"__type":"$$EventMessageConfirm","confirm":"4af17911-2a25-4f33-837c-c7f673159a3d","ts":"2025-11-07T18:42:57.086-05:00","source":{"id":"0","name":"eventBus"}}
{"__type":"$$EventMessageWorkflow","id":"b33155f5-dd51-4120-b8ab-121bf0e70f2b","ts":"2025-11-07T18:43:47.805-05:00","eventName":"n8n.workflow.started","message":"n8n.workflow.started","payload":{"executionId":"32","workflowId":"F9MOsY9ig6xDqFOn","isManual":false,"workflowName":"Telegram ventas"}}
{"__type":"$$EventMessageConfirm","confirm":"b33155f5-dd51-4120-b8ab-121bf0e70f2b","ts":"2025-11-07T18:43:47.805-05:00","source":{"id":"0","name":"eventBus"}}
{"__type":"$$EventMessageNode","id":"75b09a59-0ce9-484d-9cf7-a5d6ffa10ddd","ts":"2025-11-07T18:43:47.807-05:00","eventName":"n8n.node.started","message":"n8n.node.started","payload":{"workflowId":"F9MOsY9ig6xDqFOn","workflowName":"Telegram ventas","executionId":"32","nodeType":"n8n-nodes-base.set","nodeName":"Edit Fields","nodeId":"0adcd2be-3121-4a7d-8bbf-4d85519b26da"}}
{"__type":"$$EventMessageConfirm","confirm":"75b09a59-0ce9-484d-9cf7-a5d6ffa10ddd","ts":"2025-11-07T18:43:47.807-05:00","source":{"id":"0","name":"eventBus"}}
{"__type":"$$EventMessageNode","id":"af63ae3c-13c2-414c-8ba4-136a14922cf0","ts":"2025-11-07T18:43:47.811-05:00","eventName":"n8n.node.finished","message":"n8n.node.finished","payload":{"workflowId":"F9MOsY9ig6xDqFOn","workflowName":"Telegram ventas","executionId":"32","nodeType":"n8n-nodes-base.set","nodeName":"Edit Fields","nodeId":"0adcd2be-3121-4a7d-8bbf-4d85519b26da"}}
{"__type":"$$EventMessageConfirm","confirm":"af63ae3c-13c2-414c-8ba4-136a14922cf0","ts":"2025-11-07T18:43:47.812-05:00","source":{"id":"0","name":"eventBus"}}
{"__type":"$$EventMessageWorkflow","id":"5273733d-6bc4-4b14-b6ad-c3faf08ad80c","ts":"2025-11-07T18:43:47.816-05:00","eventName":"n8n.workflow.success","message":"n8n.workflow.success","payload":{"userId":"a847cc1d-d439-4c8d-ac02-192de4d567cd","executionId":"32","success":true,"isManual":true,"workflowId":"F9MOsY9ig6xDqFOn","workflowName":"Telegram ventas"}}
{"__type":"$$EventMessageConfirm","confirm":"5273733d-6bc4-4b14-b6ad-c3faf08ad80c","ts":"2025-11-07T18:43:47.825-05:00","source":{"id":"0","name":"eventBus"}}
{"__type":"$$EventMessageWorkflow","id":"e015d65b-2506-4321-9a22-1c973feb32a8","ts":"2025-11-07T18:43:53.272-05:00","eventName":"n8n.workflow.started","message":"n8n.workflow.started","payload":{"executionId":"33","workflowId":"F9MOsY9ig6xDqFOn","isManual":false,"workflowName":"Telegram ventas"}}
{"__type":"$$EventMessageConfirm","confirm":"e015d65b-2506-4321-9a22-1c973feb32a8","ts":"2025-11-07T18:43:53.272-05:00","source":{"id":"0","name":"eventBus"}}
{"__type":"$$EventMessageNode","id":"60d2f260-7df8-4dcc-b6fd-b7a938c4fb6f","ts":"2025-11-07T18:43:53.274-05:00","eventName":"n8n.node.started","message":"n8n.node.started","payload":{"workflowId":"F9MOsY9ig6xDqFOn","workflowName":"Telegram ventas","executionId":"33","nodeType":"n8n-nodes-base.code","nodeName":"Code in JavaScript","nodeId":"0b90cd4f-9ad6-4409-8f10-71283d02f19e"}}
{"__type":"$$EventMessageConfirm","confirm":"60d2f260-7df8-4dcc-b6fd-b7a938c4fb6f","ts":"2025-11-07T18:43:53.275-05:00","source":{"id":"0","name":"eventBus"}}
{"__type":"$$EventMessageNode","id":"836b40d0-10aa-4903-8c41-fb4390d2ac50","ts":"2025-11-07T18:43:53.323-05:00","eventName":"n8n.node.finished","message":"n8n.node.finished","payload":{"workflowId":"F9MOsY9ig6xDqFOn","workflowName":"Telegram ventas","executionId":"33","nodeType":"n8n-nodes-base.code","nodeName":"Code in JavaScript","nodeId":"0b90cd4f-9ad6-4409-8f10-71283d02f19e"}}
{"__type":"$$EventMessageConfirm","confirm":"836b40d0-10aa-4903-8c41-fb4390d2ac50","ts":"2025-11-07T18:43:53.323-05:00","source":{"id":"0","name":"eventBus"}}
{"__type":"$$EventMessageWorkflow","id":"524c0f5a-67fc-40a5-be6e-94b47fc23774","ts":"2025-11-07T18:43:53.326-05:00","eventName":"n8n.workflow.success","message":"n8n.workflow.success","payload":{"userId":"a847cc1d-d439-4c8d-ac02-192de4d567cd","executionId":"33","success":true,"isManual":true,"workflowId":"F9MOsY9ig6xDqFOn","workflowName":"Telegram ventas"}}
{"__type":"$$EventMessageConfirm","confirm":"524c0f5a-67fc-40a5-be6e-94b47fc23774","ts":"2025-11-07T18:43:53.327-05:00","source":{"id":"0","name":"eventBus"}}
{"__type":"$$EventMessageAudit","id":"318b4197-3e3d-4e2b-8dc3-6d01d89a64bb","ts":"2025-11-07T18:46:35.283-05:00","eventName":"n8n.audit.workflow.updated","message":"n8n.audit.workflow.updated","payload":{"userId":"a847cc1d-d439-4c8d-ac02-192de4d567cd","_email":"fabianvillablanca97@gmail.com","_firstName":"Fabian","_lastName":"Villablanca","globalRole":"global:owner","workflowId":"F9MOsY9ig6xDqFOn","workflowName":"Telegram ventas"}}
{"__type":"$$EventMessageConfirm","confirm":"318b4197-3e3d-4e2b-8dc3-6d01d89a64bb","ts":"2025-11-07T18:46:35.284-05:00","source":{"id":"0","name":"eventBus"}}
{"__type":"$$EventMessageAudit","id":"ce1f0cc6-a082-4275-a487-4889f653be87","ts":"2025-11-07T19:07:55.102-05:00","eventName":"n8n.audit.user.credentials.created","message":"n8n.audit.user.credentials.created","payload":{"userId":"a847cc1d-d439-4c8d-ac02-192de4d567cd","_email":"fabianvillablanca97@gmail.com","_firstName":"Fabian","_lastName":"Villablanca","globalRole":"global:owner","credentialType":"googleApi","credentialId":"yqVaUUouJ3ZgWASv","publicApi":false,"projectId":"ZwDw8Jqc054re9YB","projectType":"personal"}}
{"__type":"$$EventMessageConfirm","confirm":"ce1f0cc6-a082-4275-a487-4889f653be87","ts":"2025-11-07T19:07:55.102-05:00","source":{"id":"0","name":"eventBus"}}
{"__type":"$$EventMessageWorkflow","id":"97f7ec6d-6271-4bdb-bc39-2ca0e79e8b33","ts":"2025-11-07T19:11:38.748-05:00","eventName":"n8n.workflow.failed","message":"n8n.workflow.failed","payload":{"userId":"a847cc1d-d439-4c8d-ac02-192de4d567cd","executionId":"34","success":false,"isManual":true,"workflowId":"F9MOsY9ig6xDqFOn","workflowName":"Telegram ventas","errorMessage":"The workflow has issues and cannot be executed for that reason. Please fix them first."}}
{"__type":"$$EventMessageConfirm","confirm":"97f7ec6d-6271-4bdb-bc39-2ca0e79e8b33","ts":"2025-11-07T19:11:38.749-05:00","source":{"id":"0","name":"eventBus"}}
{"__type":"$$EventMessageAudit","id":"02a7f65a-2642-452f-b0a7-35b9f686d1a4","ts":"2025-11-07T19:12:28.038-05:00","eventName":"n8n.audit.workflow.updated","message":"n8n.audit.workflow.updated","payload":{"userId":"a847cc1d-d439-4c8d-ac02-192de4d567cd","_email":"fabianvillablanca97@gmail.com","_firstName":"Fabian","_lastName":"Villablanca","globalRole":"global:owner","workflowId":"F9MOsY9ig6xDqFOn","workflowName":"Telegram ventas"}}
{"__type":"$$EventMessageConfirm","confirm":"02a7f65a-2642-452f-b0a7-35b9f686d1a4","ts":"2025-11-07T19:12:28.039-05:00","source":{"id":"0","name":"eventBus"}}
{"__type":"$$EventMessageWorkflow","id":"a09d041e-6eab-4be8-9c22-c6eb5a6423cd","ts":"2025-11-07T19:16:41.025-05:00","eventName":"n8n.workflow.started","message":"n8n.workflow.started","payload":{"executionId":"35","workflowId":"F9MOsY9ig6xDqFOn","isManual":false,"workflowName":"Telegram ventas"}}
{"__type":"$$EventMessageConfirm","confirm":"a09d041e-6eab-4be8-9c22-c6eb5a6423cd","ts":"2025-11-07T19:16:41.026-05:00","source":{"id":"0","name":"eventBus"}}
{"__type":"$$EventMessageNode","id":"c7a67446-893e-4b81-87b0-aec4139cd589","ts":"2025-11-07T19:16:41.027-05:00","eventName":"n8n.node.started","message":"n8n.node.started","payload":{"workflowId":"F9MOsY9ig6xDqFOn","workflowName":"Telegram ventas","executionId":"35","nodeType":"n8n-nodes-base.telegramTrigger","nodeName":"Telegram Trigger","nodeId":"d8dad8de-bbff-4981-8299-ca61adb305d8"}}
{"__type":"$$EventMessageConfirm","confirm":"c7a67446-893e-4b81-87b0-aec4139cd589","ts":"2025-11-07T19:16:41.027-05:00","source":{"id":"0","name":"eventBus"}}
{"__type":"$$EventMessageNode","id":"eb2dcb3c-9dde-466f-b44c-efe1102810b1","ts":"2025-11-07T19:16:41.027-05:00","eventName":"n8n.node.finished","message":"n8n.node.finished","payload":{"workflowId":"F9MOsY9ig6xDqFOn","workflowName":"Telegram ventas","executionId":"35","nodeType":"n8n-nodes-base.telegramTrigger","nodeName":"Telegram Trigger","nodeId":"d8dad8de-bbff-4981-8299-ca61adb305d8"}}
{"__type":"$$EventMessageConfirm","confirm":"eb2dcb3c-9dde-466f-b44c-efe1102810b1","ts":"2025-11-07T19:16:41.028-05:00","source":{"id":"0","name":"eventBus"}}
{"__type":"$$EventMessageNode","id":"3c0ca083-4f8a-4be6-a6ab-59009437b455","ts":"2025-11-07T19:16:41.028-05:00","eventName":"n8n.node.started","message":"n8n.node.started","payload":{"workflowId":"F9MOsY9ig6xDqFOn","workflowName":"Telegram ventas","executionId":"35","nodeType":"n8n-nodes-base.set","nodeName":"Edit Fields","nodeId":"0adcd2be-3121-4a7d-8bbf-4d85519b26da"}}
{"__type":"$$EventMessageConfirm","confirm":"3c0ca083-4f8a-4be6-a6ab-59009437b455","ts":"2025-11-07T19:16:41.028-05:00","source":{"id":"0","name":"eventBus"}}
{"__type":"$$EventMessageNode","id":"8b799703-6d88-4843-ac73-5807784d812f","ts":"2025-11-07T19:16:41.031-05:00","eventName":"n8n.node.finished","message":"n8n.node.finished","payload":{"workflowId":"F9MOsY9ig6xDqFOn","workflowName":"Telegram ventas","executionId":"35","nodeType":"n8n-nodes-base.set","nodeName":"Edit Fields","nodeId":"0adcd2be-3121-4a7d-8bbf-4d85519b26da"}}
{"__type":"$$EventMessageConfirm","confirm":"8b799703-6d88-4843-ac73-5807784d812f","ts":"2025-11-07T19:16:41.031-05:00","source":{"id":"0","name":"eventBus"}}
{"__type":"$$EventMessageNode","id":"48d1b3b4-c488-41ed-8fd7-ff484cf09547","ts":"2025-11-07T19:16:41.033-05:00","eventName":"n8n.node.started","message":"n8n.node.started","payload":{"workflowId":"F9MOsY9ig6xDqFOn","workflowName":"Telegram ventas","executionId":"35","nodeType":"n8n-nodes-base.code","nodeName":"Code in JavaScript","nodeId":"0b90cd4f-9ad6-4409-8f10-71283d02f19e"}}
{"__type":"$$EventMessageConfirm","confirm":"48d1b3b4-c488-41ed-8fd7-ff484cf09547","ts":"2025-11-07T19:16:41.033-05:00","source":{"id":"0","name":"eventBus"}}
{"__type":"$$EventMessageNode","id":"8a8d9287-7110-44e4-b9d8-26bd8bd05c2c","ts":"2025-11-07T19:16:41.055-05:00","eventName":"n8n.node.finished","message":"n8n.node.finished","payload":{"workflowId":"F9MOsY9ig6xDqFOn","workflowName":"Telegram ventas","executionId":"35","nodeType":"n8n-nodes-base.code","nodeName":"Code in JavaScript","nodeId":"0b90cd4f-9ad6-4409-8f10-71283d02f19e"}}
{"__type":"$$EventMessageConfirm","confirm":"8a8d9287-7110-44e4-b9d8-26bd8bd05c2c","ts":"2025-11-07T19:16:41.055-05:00","source":{"id":"0","name":"eventBus"}}
{"__type":"$$EventMessageNode","id":"42481def-1cb5-425b-bf36-0e9e6a777771","ts":"2025-11-07T19:16:41.057-05:00","eventName":"n8n.node.started","message":"n8n.node.started","payload":{"workflowId":"F9MOsY9ig6xDqFOn","workflowName":"Telegram ventas","executionId":"35","nodeType":"n8n-nodes-base.googleSheets","nodeName":"Append row in sheet","nodeId":"8d6a918e-060e-4ed5-94a8-f9ca5b2e742f"}}
{"__type":"$$EventMessageConfirm","confirm":"42481def-1cb5-425b-bf36-0e9e6a777771","ts":"2025-11-07T19:16:41.057-05:00","source":{"id":"0","name":"eventBus"}}
{"__type":"$$EventMessageNode","id":"6b54e2d3-55a6-405c-bc2b-46581eadd73a","ts":"2025-11-07T19:16:41.688-05:00","eventName":"n8n.node.finished","message":"n8n.node.finished","payload":{"workflowId":"F9MOsY9ig6xDqFOn","workflowName":"Telegram ventas","executionId":"35","nodeType":"n8n-nodes-base.googleSheets","nodeName":"Append row in sheet","nodeId":"8d6a918e-060e-4ed5-94a8-f9ca5b2e742f"}}
{"__type":"$$EventMessageConfirm","confirm":"6b54e2d3-55a6-405c-bc2b-46581eadd73a","ts":"2025-11-07T19:16:41.688-05:00","source":{"id":"0","name":"eventBus"}}
{"__type":"$$EventMessageWorkflow","id":"6729c28f-c742-4311-a497-3c38f70554fa","ts":"2025-11-07T19:16:41.691-05:00","eventName":"n8n.workflow.failed","message":"n8n.workflow.failed","payload":{"executionId":"35","success":false,"isManual":true,"workflowId":"F9MOsY9ig6xDqFOn","workflowName":"Telegram ventas","lastNodeExecuted":"Append row in sheet","errorNodeType":"n8n-nodes-base.googleSheets","errorMessage":"Forbidden - perhaps check your credentials?"}}
{"__type":"$$EventMessageConfirm","confirm":"6729c28f-c742-4311-a497-3c38f70554fa","ts":"2025-11-07T19:16:41.691-05:00","source":{"id":"0","name":"eventBus"}}
{"__type":"$$EventMessageWorkflow","id":"e4491558-2e3e-4885-a559-0cd4faf31643","ts":"2025-11-07T19:18:17.985-05:00","eventName":"n8n.workflow.started","message":"n8n.workflow.started","payload":{"executionId":"36","workflowId":"F9MOsY9ig6xDqFOn","isManual":false,"workflowName":"Telegram ventas"}}
{"__type":"$$EventMessageConfirm","confirm":"e4491558-2e3e-4885-a559-0cd4faf31643","ts":"2025-11-07T19:18:17.985-05:00","source":{"id":"0","name":"eventBus"}}
{"__type":"$$EventMessageNode","id":"33961ee1-8f14-4204-8317-01ae99becc3c","ts":"2025-11-07T19:18:17.985-05:00","eventName":"n8n.node.started","message":"n8n.node.started","payload":{"workflowId":"F9MOsY9ig6xDqFOn","workflowName":"Telegram ventas","executionId":"36","nodeType":"n8n-nodes-base.googleSheets","nodeName":"Append row in sheet","nodeId":"8d6a918e-060e-4ed5-94a8-f9ca5b2e742f"}}
{"__type":"$$EventMessageConfirm","confirm":"33961ee1-8f14-4204-8317-01ae99becc3c","ts":"2025-11-07T19:18:17.986-05:00","source":{"id":"0","name":"eventBus"}}
{"__type":"$$EventMessageNode","id":"c67342df-5ccc-49a0-b12a-41cf0d271439","ts":"2025-11-07T19:18:18.847-05:00","eventName":"n8n.node.finished","message":"n8n.node.finished","payload":{"workflowId":"F9MOsY9ig6xDqFOn","workflowName":"Telegram ventas","executionId":"36","nodeType":"n8n-nodes-base.googleSheets","nodeName":"Append row in sheet","nodeId":"8d6a918e-060e-4ed5-94a8-f9ca5b2e742f"}}
{"__type":"$$EventMessageConfirm","confirm":"c67342df-5ccc-49a0-b12a-41cf0d271439","ts":"2025-11-07T19:18:18.847-05:00","source":{"id":"0","name":"eventBus"}}
{"__type":"$$EventMessageWorkflow","id":"31d53922-a996-4cae-9991-9281ac209db0","ts":"2025-11-07T19:18:18.852-05:00","eventName":"n8n.workflow.failed","message":"n8n.workflow.failed","payload":{"userId":"a847cc1d-d439-4c8d-ac02-192de4d567cd","executionId":"36","success":false,"isManual":true,"workflowId":"F9MOsY9ig6xDqFOn","workflowName":"Telegram ventas","lastNodeExecuted":"Append row in sheet","errorNodeType":"n8n-nodes-base.googleSheets","errorMessage":"At least one value has to be added under 'Values to Send'"}}
{"__type":"$$EventMessageConfirm","confirm":"31d53922-a996-4cae-9991-9281ac209db0","ts":"2025-11-07T19:18:18.852-05:00","source":{"id":"0","name":"eventBus"}}
{"__type":"$$EventMessageWorkflow","id":"3be500ee-95cd-4463-933f-f96e60e547ec","ts":"2025-11-07T19:20:03.946-05:00","eventName":"n8n.workflow.started","message":"n8n.workflow.started","payload":{"executionId":"37","workflowId":"F9MOsY9ig6xDqFOn","isManual":false,"workflowName":"Telegram ventas"}}
{"__type":"$$EventMessageConfirm","confirm":"3be500ee-95cd-4463-933f-f96e60e547ec","ts":"2025-11-07T19:20:03.946-05:00","source":{"id":"0","name":"eventBus"}}
{"__type":"$$EventMessageNode","id":"40c34be9-df53-4591-8f6c-11a8c7865ca2","ts":"2025-11-07T19:20:03.947-05:00","eventName":"n8n.node.started","message":"n8n.node.started","payload":{"workflowId":"F9MOsY9ig6xDqFOn","workflowName":"Telegram ventas","executionId":"37","nodeType":"n8n-nodes-base.googleSheets","nodeName":"Append row in sheet","nodeId":"8d6a918e-060e-4ed5-94a8-f9ca5b2e742f"}}
{"__type":"$$EventMessageConfirm","confirm":"40c34be9-df53-4591-8f6c-11a8c7865ca2","ts":"2025-11-07T19:20:03.947-05:00","source":{"id":"0","name":"eventBus"}}
{"__type":"$$EventMessageNode","id":"8800ea4e-438a-4a1b-b71b-f94a2e3490dd","ts":"2025-11-07T19:20:07.090-05:00","eventName":"n8n.node.finished","message":"n8n.node.finished","payload":{"workflowId":"F9MOsY9ig6xDqFOn","workflowName":"Telegram ventas","executionId":"37","nodeType":"n8n-nodes-base.googleSheets","nodeName":"Append row in sheet","nodeId":"8d6a918e-060e-4ed5-94a8-f9ca5b2e742f"}}
{"__type":"$$EventMessageConfirm","confirm":"8800ea4e-438a-4a1b-b71b-f94a2e3490dd","ts":"2025-11-07T19:20:07.090-05:00","source":{"id":"0","name":"eventBus"}}
{"__type":"$$EventMessageWorkflow","id":"2950126b-a976-456d-acb5-290e00edd3ed","ts":"2025-11-07T19:20:07.093-05:00","eventName":"n8n.workflow.success","message":"n8n.workflow.success","payload":{"userId":"a847cc1d-d439-4c8d-ac02-192de4d567cd","executionId":"37","success":true,"isManual":true,"workflowId":"F9MOsY9ig6xDqFOn","workflowName":"Telegram ventas"}}
{"__type":"$$EventMessageConfirm","confirm":"2950126b-a976-456d-acb5-290e00edd3ed","ts":"2025-11-07T19:20:07.094-05:00","source":{"id":"0","name":"eventBus"}}
{"__type":"$$EventMessageWorkflow","id":"322cd2d8-0157-452d-b1f6-7ea6a63ca09e","ts":"2025-11-07T19:20:47.093-05:00","eventName":"n8n.workflow.started","message":"n8n.workflow.started","payload":{"executionId":"38","workflowId":"F9MOsY9ig6xDqFOn","isManual":false,"workflowName":"Telegram ventas"}}
{"__type":"$$EventMessageConfirm","confirm":"322cd2d8-0157-452d-b1f6-7ea6a63ca09e","ts":"2025-11-07T19:20:47.093-05:00","source":{"id":"0","name":"eventBus"}}
{"__type":"$$EventMessageNode","id":"0509cbd1-0a57-4aac-9040-b57ba3c1abfe","ts":"2025-11-07T19:20:47.093-05:00","eventName":"n8n.node.started","message":"n8n.node.started","payload":{"workflowId":"F9MOsY9ig6xDqFOn","workflowName":"Telegram ventas","executionId":"38","nodeType":"n8n-nodes-base.googleSheets","nodeName":"Append row in sheet","nodeId":"8d6a918e-060e-4ed5-94a8-f9ca5b2e742f"}}
{"__type":"$$EventMessageConfirm","confirm":"0509cbd1-0a57-4aac-9040-b57ba3c1abfe","ts":"2025-11-07T19:20:47.094-05:00","source":{"id":"0","name":"eventBus"}}
{"__type":"$$EventMessageNode","id":"6353458b-b79f-4fa9-8d7a-0041d85779df","ts":"2025-11-07T19:20:47.901-05:00","eventName":"n8n.node.finished","message":"n8n.node.finished","payload":{"workflowId":"F9MOsY9ig6xDqFOn","workflowName":"Telegram ventas","executionId":"38","nodeType":"n8n-nodes-base.googleSheets","nodeName":"Append row in sheet","nodeId":"8d6a918e-060e-4ed5-94a8-f9ca5b2e742f"}}
{"__type":"$$EventMessageConfirm","confirm":"6353458b-b79f-4fa9-8d7a-0041d85779df","ts":"2025-11-07T19:20:47.901-05:00","source":{"id":"0","name":"eventBus"}}
{"__type":"$$EventMessageWorkflow","id":"2c8ae3e9-a5af-4891-bd1f-fb88ad390c19","ts":"2025-11-07T19:20:47.903-05:00","eventName":"n8n.workflow.failed","message":"n8n.workflow.failed","payload":{"userId":"a847cc1d-d439-4c8d-ac02-192de4d567cd","executionId":"38","success":false,"isManual":true,"workflowId":"F9MOsY9ig6xDqFOn","workflowName":"Telegram ventas","lastNodeExecuted":"Append row in sheet","errorNodeType":"n8n-nodes-base.googleSheets","errorMessage":"Column names were updated after the node's setup"}}
{"__type":"$$EventMessageConfirm","confirm":"2c8ae3e9-a5af-4891-bd1f-fb88ad390c19","ts":"2025-11-07T19:20:47.904-05:00","source":{"id":"0","name":"eventBus"}}
{"__type":"$$EventMessageAudit","id":"f2c6659b-adb1-45f4-98f1-c777dc8550ad","ts":"2025-11-07T19:23:01.107-05:00","eventName":"n8n.audit.workflow.updated","message":"n8n.audit.workflow.updated","payload":{"userId":"a847cc1d-d439-4c8d-ac02-192de4d567cd","_email":"fabianvillablanca97@gmail.com","_firstName":"Fabian","_lastName":"Villablanca","globalRole":"global:owner","workflowId":"F9MOsY9ig6xDqFOn","workflowName":"Telegram ventas"}}
{"__type":"$$EventMessageConfirm","confirm":"f2c6659b-adb1-45f4-98f1-c777dc8550ad","ts":"2025-11-07T19:23:01.107-05:00","source":{"id":"0","name":"eventBus"}}
{"__type":"$$EventMessageAudit","id":"fa06a0d2-4202-4424-92de-fe159110bedf","ts":"2025-11-07T19:23:04.609-05:00","eventName":"n8n.audit.workflow.updated","message":"n8n.audit.workflow.updated","payload":{"userId":"a847cc1d-d439-4c8d-ac02-192de4d567cd","_email":"fabianvillablanca97@gmail.com","_firstName":"Fabian","_lastName":"Villablanca","globalRole":"global:owner","workflowId":"F9MOsY9ig6xDqFOn","workflowName":"Telegram ventas"}}
{"__type":"$$EventMessageConfirm","confirm":"fa06a0d2-4202-4424-92de-fe159110bedf","ts":"2025-11-07T19:23:04.609-05:00","source":{"id":"0","name":"eventBus"}}
{"__type":"$$EventMessageWorkflow","id":"bab3dc65-362c-4ad7-815c-8fbe4275525d","ts":"2025-11-07T19:23:06.854-05:00","eventName":"n8n.workflow.started","message":"n8n.workflow.started","payload":{"executionId":"39","workflowId":"F9MOsY9ig6xDqFOn","isManual":false,"workflowName":"Telegram ventas"}}
{"__type":"$$EventMessageConfirm","confirm":"bab3dc65-362c-4ad7-815c-8fbe4275525d","ts":"2025-11-07T19:23:06.854-05:00","source":{"id":"0","name":"eventBus"}}
{"__type":"$$EventMessageNode","id":"e2f5c4ec-59b3-4311-b958-5a38557d9f02","ts":"2025-11-07T19:23:06.854-05:00","eventName":"n8n.node.started","message":"n8n.node.started","payload":{"workflowId":"F9MOsY9ig6xDqFOn","workflowName":"Telegram ventas","executionId":"39","nodeType":"n8n-nodes-base.telegramTrigger","nodeName":"Telegram Trigger","nodeId":"d8dad8de-bbff-4981-8299-ca61adb305d8"}}
{"__type":"$$EventMessageConfirm","confirm":"e2f5c4ec-59b3-4311-b958-5a38557d9f02","ts":"2025-11-07T19:23:06.854-05:00","source":{"id":"0","name":"eventBus"}}
{"__type":"$$EventMessageNode","id":"7054108c-8b7d-4171-8e70-f63e737793db","ts":"2025-11-07T19:23:06.854-05:00","eventName":"n8n.node.finished","message":"n8n.node.finished","payload":{"workflowId":"F9MOsY9ig6xDqFOn","workflowName":"Telegram ventas","executionId":"39","nodeType":"n8n-nodes-base.telegramTrigger","nodeName":"Telegram Trigger","nodeId":"d8dad8de-bbff-4981-8299-ca61adb305d8"}}
{"__type":"$$EventMessageConfirm","confirm":"7054108c-8b7d-4171-8e70-f63e737793db","ts":"2025-11-07T19:23:06.854-05:00","source":{"id":"0","name":"eventBus"}}
{"__type":"$$EventMessageNode","id":"97ebda6f-0a59-49fe-8702-63f37eb01162","ts":"2025-11-07T19:23:06.854-05:00","eventName":"n8n.node.started","message":"n8n.node.started","payload":{"workflowId":"F9MOsY9ig6xDqFOn","workflowName":"Telegram ventas","executionId":"39","nodeType":"n8n-nodes-base.set","nodeName":"Edit Fields","nodeId":"0adcd2be-3121-4a7d-8bbf-4d85519b26da"}}
{"__type":"$$EventMessageConfirm","confirm":"97ebda6f-0a59-49fe-8702-63f37eb01162","ts":"2025-11-07T19:23:06.855-05:00","source":{"id":"0","name":"eventBus"}}
{"__type":"$$EventMessageNode","id":"2fdd9460-7d90-4bd3-a201-e92534dd4c8b","ts":"2025-11-07T19:23:06.856-05:00","eventName":"n8n.node.finished","message":"n8n.node.finished","payload":{"workflowId":"F9MOsY9ig6xDqFOn","workflowName":"Telegram ventas","executionId":"39","nodeType":"n8n-nodes-base.set","nodeName":"Edit Fields","nodeId":"0adcd2be-3121-4a7d-8bbf-4d85519b26da"}}
{"__type":"$$EventMessageConfirm","confirm":"2fdd9460-7d90-4bd3-a201-e92534dd4c8b","ts":"2025-11-07T19:23:06.857-05:00","source":{"id":"0","name":"eventBus"}}
{"__type":"$$EventMessageNode","id":"0d4fbb35-c904-460e-9e80-f6565950c857","ts":"2025-11-07T19:23:06.857-05:00","eventName":"n8n.node.started","message":"n8n.node.started","payload":{"workflowId":"F9MOsY9ig6xDqFOn","workflowName":"Telegram ventas","executionId":"39","nodeType":"n8n-nodes-base.code","nodeName":"Code in JavaScript","nodeId":"0b90cd4f-9ad6-4409-8f10-71283d02f19e"}}
{"__type":"$$EventMessageConfirm","confirm":"0d4fbb35-c904-460e-9e80-f6565950c857","ts":"2025-11-07T19:23:06.857-05:00","source":{"id":"0","name":"eventBus"}}
{"__type":"$$EventMessageNode","id":"f96d47d4-7236-4683-a646-bb675fa4cfff","ts":"2025-11-07T19:23:06.873-05:00","eventName":"n8n.node.finished","message":"n8n.node.finished","payload":{"workflowId":"F9MOsY9ig6xDqFOn","workflowName":"Telegram ventas","executionId":"39","nodeType":"n8n-nodes-base.code","nodeName":"Code in JavaScript","nodeId":"0b90cd4f-9ad6-4409-8f10-71283d02f19e"}}
{"__type":"$$EventMessageConfirm","confirm":"f96d47d4-7236-4683-a646-bb675fa4cfff","ts":"2025-11-07T19:23:06.873-05:00","source":{"id":"0","name":"eventBus"}}
{"__type":"$$EventMessageNode","id":"f507c3f7-eb40-40dc-934b-dfae273a0cb6","ts":"2025-11-07T19:23:06.874-05:00","eventName":"n8n.node.started","message":"n8n.node.started","payload":{"workflowId":"F9MOsY9ig6xDqFOn","workflowName":"Telegram ventas","executionId":"39","nodeType":"n8n-nodes-base.googleSheets","nodeName":"Append row in sheet","nodeId":"8d6a918e-060e-4ed5-94a8-f9ca5b2e742f"}}
{"__type":"$$EventMessageConfirm","confirm":"f507c3f7-eb40-40dc-934b-dfae273a0cb6","ts":"2025-11-07T19:23:06.874-05:00","source":{"id":"0","name":"eventBus"}}
{"__type":"$$EventMessageNode","id":"8b9535e5-269a-494d-9d84-b637ceaf6870","ts":"2025-11-07T19:23:10.825-05:00","eventName":"n8n.node.finished","message":"n8n.node.finished","payload":{"workflowId":"F9MOsY9ig6xDqFOn","workflowName":"Telegram ventas","executionId":"39","nodeType":"n8n-nodes-base.googleSheets","nodeName":"Append row in sheet","nodeId":"8d6a918e-060e-4ed5-94a8-f9ca5b2e742f"}}
{"__type":"$$EventMessageConfirm","confirm":"8b9535e5-269a-494d-9d84-b637ceaf6870","ts":"2025-11-07T19:23:10.826-05:00","source":{"id":"0","name":"eventBus"}}
{"__type":"$$EventMessageWorkflow","id":"419fdfce-c2ca-4fb8-82b4-3a56118bc520","ts":"2025-11-07T19:23:10.826-05:00","eventName":"n8n.workflow.success","message":"n8n.workflow.success","payload":{"executionId":"39","success":true,"isManual":false,"workflowId":"F9MOsY9ig6xDqFOn","workflowName":"Telegram ventas"}}
{"__type":"$$EventMessageConfirm","confirm":"419fdfce-c2ca-4fb8-82b4-3a56118bc520","ts":"2025-11-07T19:23:10.826-05:00","source":{"id":"0","name":"eventBus"}}
{"__type":"$$EventMessageAudit","id":"2986c90f-1451-41a4-b5a1-028c3bc38cd0","ts":"2025-11-07T19:23:26.254-05:00","eventName":"n8n.audit.workflow.updated","message":"n8n.audit.workflow.updated","payload":{"userId":"a847cc1d-d439-4c8d-ac02-192de4d567cd","_email":"fabianvillablanca97@gmail.com","_firstName":"Fabian","_lastName":"Villablanca","globalRole":"global:owner","workflowId":"F9MOsY9ig6xDqFOn","workflowName":"Telegram ventas"}}
{"__type":"$$EventMessageConfirm","confirm":"2986c90f-1451-41a4-b5a1-028c3bc38cd0","ts":"2025-11-07T19:23:26.255-05:00","source":{"id":"0","name":"eventBus"}}
{"__type":"$$EventMessageWorkflow","id":"98d5731a-1244-4176-8a96-cfd8377320ea","ts":"2025-11-07T19:23:35.472-05:00","eventName":"n8n.workflow.started","message":"n8n.workflow.started","payload":{"executionId":"40","workflowId":"F9MOsY9ig6xDqFOn","isManual":false,"workflowName":"Telegram ventas"}}
{"__type":"$$EventMessageConfirm","confirm":"98d5731a-1244-4176-8a96-cfd8377320ea","ts":"2025-11-07T19:23:35.472-05:00","source":{"id":"0","name":"eventBus"}}
{"__type":"$$EventMessageNode","id":"6c943cfd-5663-4d6c-b972-730614b68d8b","ts":"2025-11-07T19:23:35.473-05:00","eventName":"n8n.node.started","message":"n8n.node.started","payload":{"workflowId":"F9MOsY9ig6xDqFOn","workflowName":"Telegram ventas","executionId":"40","nodeType":"n8n-nodes-base.telegramTrigger","nodeName":"Telegram Trigger","nodeId":"d8dad8de-bbff-4981-8299-ca61adb305d8"}}
{"__type":"$$EventMessageConfirm","confirm":"6c943cfd-5663-4d6c-b972-730614b68d8b","ts":"2025-11-07T19:23:35.473-05:00","source":{"id":"0","name":"eventBus"}}
{"__type":"$$EventMessageNode","id":"5aa15ca9-82b1-4452-9da7-97bf8af682a6","ts":"2025-11-07T19:23:35.473-05:00","eventName":"n8n.node.finished","message":"n8n.node.finished","payload":{"workflowId":"F9MOsY9ig6xDqFOn","workflowName":"Telegram ventas","executionId":"40","nodeType":"n8n-nodes-base.telegramTrigger","nodeName":"Telegram Trigger","nodeId":"d8dad8de-bbff-4981-8299-ca61adb305d8"}}
{"__type":"$$EventMessageConfirm","confirm":"5aa15ca9-82b1-4452-9da7-97bf8af682a6","ts":"2025-11-07T19:23:35.473-05:00","source":{"id":"0","name":"eventBus"}}
{"__type":"$$EventMessageNode","id":"913578c9-0bb4-46e6-9fc4-6bb30bd56d59","ts":"2025-11-07T19:23:35.475-05:00","eventName":"n8n.node.started","message":"n8n.node.started","payload":{"workflowId":"F9MOsY9ig6xDqFOn","workflowName":"Telegram ventas","executionId":"40","nodeType":"n8n-nodes-base.set","nodeName":"Edit Fields","nodeId":"0adcd2be-3121-4a7d-8bbf-4d85519b26da"}}
{"__type":"$$EventMessageConfirm","confirm":"913578c9-0bb4-46e6-9fc4-6bb30bd56d59","ts":"2025-11-07T19:23:35.475-05:00","source":{"id":"0","name":"eventBus"}}
{"__type":"$$EventMessageNode","id":"f3201d8c-2f9d-4a3f-95a2-48eaada5d721","ts":"2025-11-07T19:23:35.477-05:00","eventName":"n8n.node.finished","message":"n8n.node.finished","payload":{"workflowId":"F9MOsY9ig6xDqFOn","workflowName":"Telegram ventas","executionId":"40","nodeType":"n8n-nodes-base.set","nodeName":"Edit Fields","nodeId":"0adcd2be-3121-4a7d-8bbf-4d85519b26da"}}
{"__type":"$$EventMessageConfirm","confirm":"f3201d8c-2f9d-4a3f-95a2-48eaada5d721","ts":"2025-11-07T19:23:35.478-05:00","source":{"id":"0","name":"eventBus"}}
{"__type":"$$EventMessageNode","id":"7c511f1a-e6ff-4c4a-9fda-7ef39f6d65d1","ts":"2025-11-07T19:23:35.478-05:00","eventName":"n8n.node.started","message":"n8n.node.started","payload":{"workflowId":"F9MOsY9ig6xDqFOn","workflowName":"Telegram ventas","executionId":"40","nodeType":"n8n-nodes-base.code","nodeName":"Code in JavaScript","nodeId":"0b90cd4f-9ad6-4409-8f10-71283d02f19e"}}
{"__type":"$$EventMessageConfirm","confirm":"7c511f1a-e6ff-4c4a-9fda-7ef39f6d65d1","ts":"2025-11-07T19:23:35.478-05:00","source":{"id":"0","name":"eventBus"}}
{"__type":"$$EventMessageNode","id":"ecb4a6cc-cadb-4386-be73-3e2d0ad85e49","ts":"2025-11-07T19:23:35.492-05:00","eventName":"n8n.node.finished","message":"n8n.node.finished","payload":{"workflowId":"F9MOsY9ig6xDqFOn","workflowName":"Telegram ventas","executionId":"40","nodeType":"n8n-nodes-base.code","nodeName":"Code in JavaScript","nodeId":"0b90cd4f-9ad6-4409-8f10-71283d02f19e"}}
{"__type":"$$EventMessageConfirm","confirm":"ecb4a6cc-cadb-4386-be73-3e2d0ad85e49","ts":"2025-11-07T19:23:35.493-05:00","source":{"id":"0","name":"eventBus"}}
{"__type":"$$EventMessageNode","id":"5a4a263d-b96b-44eb-a508-2ce4087bc5ae","ts":"2025-11-07T19:23:35.495-05:00","eventName":"n8n.node.started","message":"n8n.node.started","payload":{"workflowId":"F9MOsY9ig6xDqFOn","workflowName":"Telegram ventas","executionId":"40","nodeType":"n8n-nodes-base.googleSheets","nodeName":"Append row in sheet","nodeId":"8d6a918e-060e-4ed5-94a8-f9ca5b2e742f"}}
{"__type":"$$EventMessageConfirm","confirm":"5a4a263d-b96b-44eb-a508-2ce4087bc5ae","ts":"2025-11-07T19:23:35.495-05:00","source":{"id":"0","name":"eventBus"}}
{"__type":"$$EventMessageNode","id":"532d75d4-d43f-4d44-b39e-5ecebe40135c","ts":"2025-11-07T19:23:37.791-05:00","eventName":"n8n.node.finished","message":"n8n.node.finished","payload":{"workflowId":"F9MOsY9ig6xDqFOn","workflowName":"Telegram ventas","executionId":"40","nodeType":"n8n-nodes-base.googleSheets","nodeName":"Append row in sheet","nodeId":"8d6a918e-060e-4ed5-94a8-f9ca5b2e742f"}}
{"__type":"$$EventMessageConfirm","confirm":"532d75d4-d43f-4d44-b39e-5ecebe40135c","ts":"2025-11-07T19:23:37.792-05:00","source":{"id":"0","name":"eventBus"}}
{"__type":"$$EventMessageWorkflow","id":"1aadc615-3a07-449c-a577-a66b257577f2","ts":"2025-11-07T19:23:37.794-05:00","eventName":"n8n.workflow.success","message":"n8n.workflow.success","payload":{"executionId":"40","success":true,"isManual":true,"workflowId":"F9MOsY9ig6xDqFOn","workflowName":"Telegram ventas"}}
{"__type":"$$EventMessageConfirm","confirm":"1aadc615-3a07-449c-a577-a66b257577f2","ts":"2025-11-07T19:23:37.794-05:00","source":{"id":"0","name":"eventBus"}}
{"__type":"$$EventMessageAudit","id":"9d6c2874-cffa-49bb-a69c-2096c3ddbd90","ts":"2025-11-07T19:25:39.910-05:00","eventName":"n8n.audit.workflow.updated","message":"n8n.audit.workflow.updated","payload":{"userId":"a847cc1d-d439-4c8d-ac02-192de4d567cd","_email":"fabianvillablanca97@gmail.com","_firstName":"Fabian","_lastName":"Villablanca","globalRole":"global:owner","workflowId":"F9MOsY9ig6xDqFOn","workflowName":"Telegram ventas"}}
{"__type":"$$EventMessageConfirm","confirm":"9d6c2874-cffa-49bb-a69c-2096c3ddbd90","ts":"2025-11-07T19:25:39.910-05:00","source":{"id":"0","name":"eventBus"}}
{"__type":"$$EventMessageAudit","id":"2a72fa9a-552b-4fb0-b36c-09b82c38d8ec","ts":"2025-11-07T19:25:43.332-05:00","eventName":"n8n.audit.workflow.updated","message":"n8n.audit.workflow.updated","payload":{"userId":"a847cc1d-d439-4c8d-ac02-192de4d567cd","_email":"fabianvillablanca97@gmail.com","_firstName":"Fabian","_lastName":"Villablanca","globalRole":"global:owner","workflowId":"F9MOsY9ig6xDqFOn","workflowName":"Telegram ventas"}}
{"__type":"$$EventMessageConfirm","confirm":"2a72fa9a-552b-4fb0-b36c-09b82c38d8ec","ts":"2025-11-07T19:25:43.332-05:00","source":{"id":"0","name":"eventBus"}}
{"__type":"$$EventMessageWorkflow","id":"8ec589b3-134d-4502-843c-97a620a784bf","ts":"2025-11-07T19:26:24.923-05:00","eventName":"n8n.workflow.started","message":"n8n.workflow.started","payload":{"executionId":"41","workflowId":"F9MOsY9ig6xDqFOn","isManual":false,"workflowName":"Telegram ventas"}}
{"__type":"$$EventMessageConfirm","confirm":"8ec589b3-134d-4502-843c-97a620a784bf","ts":"2025-11-07T19:26:24.923-05:00","source":{"id":"0","name":"eventBus"}}
{"__type":"$$EventMessageNode","id":"bccdd1d3-c09f-47a3-ab8d-308068ab0b50","ts":"2025-11-07T19:26:24.924-05:00","eventName":"n8n.node.started","message":"n8n.node.started","payload":{"workflowId":"F9MOsY9ig6xDqFOn","workflowName":"Telegram ventas","executionId":"41","nodeType":"n8n-nodes-base.telegramTrigger","nodeName":"Telegram Trigger","nodeId":"d8dad8de-bbff-4981-8299-ca61adb305d8"}}
{"__type":"$$EventMessageConfirm","confirm":"bccdd1d3-c09f-47a3-ab8d-308068ab0b50","ts":"2025-11-07T19:26:24.924-05:00","source":{"id":"0","name":"eventBus"}}
{"__type":"$$EventMessageNode","id":"0b5107d4-55b9-4243-8b92-39ebffc27794","ts":"2025-11-07T19:26:24.924-05:00","eventName":"n8n.node.finished","message":"n8n.node.finished","payload":{"workflowId":"F9MOsY9ig6xDqFOn","workflowName":"Telegram ventas","executionId":"41","nodeType":"n8n-nodes-base.telegramTrigger","nodeName":"Telegram Trigger","nodeId":"d8dad8de-bbff-4981-8299-ca61adb305d8"}}
{"__type":"$$EventMessageConfirm","confirm":"0b5107d4-55b9-4243-8b92-39ebffc27794","ts":"2025-11-07T19:26:24.924-05:00","source":{"id":"0","name":"eventBus"}}
{"__type":"$$EventMessageNode","id":"6f499c82-d6a0-4b1c-8ba4-d12a347ac7cd","ts":"2025-11-07T19:26:24.924-05:00","eventName":"n8n.node.started","message":"n8n.node.started","payload":{"workflowId":"F9MOsY9ig6xDqFOn","workflowName":"Telegram ventas","executionId":"41","nodeType":"n8n-nodes-base.set","nodeName":"Edit Fields","nodeId":"0adcd2be-3121-4a7d-8bbf-4d85519b26da"}}
{"__type":"$$EventMessageConfirm","confirm":"6f499c82-d6a0-4b1c-8ba4-d12a347ac7cd","ts":"2025-11-07T19:26:24.924-05:00","source":{"id":"0","name":"eventBus"}}
{"__type":"$$EventMessageNode","id":"e03ac32a-3c88-4494-9566-e1486cf9ccf4","ts":"2025-11-07T19:26:24.925-05:00","eventName":"n8n.node.finished","message":"n8n.node.finished","payload":{"workflowId":"F9MOsY9ig6xDqFOn","workflowName":"Telegram ventas","executionId":"41","nodeType":"n8n-nodes-base.set","nodeName":"Edit Fields","nodeId":"0adcd2be-3121-4a7d-8bbf-4d85519b26da"}}
{"__type":"$$EventMessageConfirm","confirm":"e03ac32a-3c88-4494-9566-e1486cf9ccf4","ts":"2025-11-07T19:26:24.925-05:00","source":{"id":"0","name":"eventBus"}}
{"__type":"$$EventMessageNode","id":"a3100c28-329b-434d-ac9f-7ffcc2e52b24","ts":"2025-11-07T19:26:24.925-05:00","eventName":"n8n.node.started","message":"n8n.node.started","payload":{"workflowId":"F9MOsY9ig6xDqFOn","workflowName":"Telegram ventas","executionId":"41","nodeType":"n8n-nodes-base.code","nodeName":"Code in JavaScript","nodeId":"0b90cd4f-9ad6-4409-8f10-71283d02f19e"}}
{"__type":"$$EventMessageConfirm","confirm":"a3100c28-329b-434d-ac9f-7ffcc2e52b24","ts":"2025-11-07T19:26:24.925-05:00","source":{"id":"0","name":"eventBus"}}
{"__type":"$$EventMessageNode","id":"abda77ef-0b40-4124-816a-d2792e8b72ff","ts":"2025-11-07T19:26:24.936-05:00","eventName":"n8n.node.finished","message":"n8n.node.finished","payload":{"workflowId":"F9MOsY9ig6xDqFOn","workflowName":"Telegram ventas","executionId":"41","nodeType":"n8n-nodes-base.code","nodeName":"Code in JavaScript","nodeId":"0b90cd4f-9ad6-4409-8f10-71283d02f19e"}}
{"__type":"$$EventMessageConfirm","confirm":"abda77ef-0b40-4124-816a-d2792e8b72ff","ts":"2025-11-07T19:26:24.936-05:00","source":{"id":"0","name":"eventBus"}}
{"__type":"$$EventMessageNode","id":"41d8454b-e368-44e5-8a34-b4ae09be1b9f","ts":"2025-11-07T19:26:24.936-05:00","eventName":"n8n.node.started","message":"n8n.node.started","payload":{"workflowId":"F9MOsY9ig6xDqFOn","workflowName":"Telegram ventas","executionId":"41","nodeType":"n8n-nodes-base.googleSheets","nodeName":"Append row in sheet","nodeId":"8d6a918e-060e-4ed5-94a8-f9ca5b2e742f"}}
{"__type":"$$EventMessageConfirm","confirm":"41d8454b-e368-44e5-8a34-b4ae09be1b9f","ts":"2025-11-07T19:26:24.936-05:00","source":{"id":"0","name":"eventBus"}}
{"__type":"$$EventMessageNode","id":"412ded92-db24-4b3d-9ded-b323168b5726","ts":"2025-11-07T19:26:27.146-05:00","eventName":"n8n.node.finished","message":"n8n.node.finished","payload":{"workflowId":"F9MOsY9ig6xDqFOn","workflowName":"Telegram ventas","executionId":"41","nodeType":"n8n-nodes-base.googleSheets","nodeName":"Append row in sheet","nodeId":"8d6a918e-060e-4ed5-94a8-f9ca5b2e742f"}}
{"__type":"$$EventMessageConfirm","confirm":"412ded92-db24-4b3d-9ded-b323168b5726","ts":"2025-11-07T19:26:27.146-05:00","source":{"id":"0","name":"eventBus"}}
{"__type":"$$EventMessageWorkflow","id":"f06ae127-9740-4538-838d-821f41523951","ts":"2025-11-07T19:26:27.146-05:00","eventName":"n8n.workflow.success","message":"n8n.workflow.success","payload":{"executionId":"41","success":true,"isManual":false,"workflowId":"F9MOsY9ig6xDqFOn","workflowName":"Telegram ventas"}}
{"__type":"$$EventMessageConfirm","confirm":"f06ae127-9740-4538-838d-821f41523951","ts":"2025-11-07T19:26:27.146-05:00","source":{"id":"0","name":"eventBus"}}
{"__type":"$$EventMessageAudit","id":"1fcd310e-a3ca-4f5d-a0a3-f96fc109fb9e","ts":"2025-11-07T19:27:20.623-05:00","eventName":"n8n.audit.workflow.updated","message":"n8n.audit.workflow.updated","payload":{"userId":"a847cc1d-d439-4c8d-ac02-192de4d567cd","_email":"fabianvillablanca97@gmail.com","_firstName":"Fabian","_lastName":"Villablanca","globalRole":"global:owner","workflowId":"F9MOsY9ig6xDqFOn","workflowName":"Telegram ventas"}}
{"__type":"$$EventMessageConfirm","confirm":"1fcd310e-a3ca-4f5d-a0a3-f96fc109fb9e","ts":"2025-11-07T19:27:20.624-05:00","source":{"id":"0","name":"eventBus"}}
{"__type":"$$EventMessageWorkflow","id":"fddaf8b5-876b-4ef4-ae65-0407ef1c17d3","ts":"2025-11-07T19:27:45.308-05:00","eventName":"n8n.workflow.started","message":"n8n.workflow.started","payload":{"executionId":"42","workflowId":"F9MOsY9ig6xDqFOn","isManual":false,"workflowName":"Telegram ventas"}}
{"__type":"$$EventMessageConfirm","confirm":"fddaf8b5-876b-4ef4-ae65-0407ef1c17d3","ts":"2025-11-07T19:27:45.309-05:00","source":{"id":"0","name":"eventBus"}}
{"__type":"$$EventMessageNode","id":"c533d281-b1cb-4325-9188-aa4c1b607033","ts":"2025-11-07T19:27:45.310-05:00","eventName":"n8n.node.started","message":"n8n.node.started","payload":{"workflowId":"F9MOsY9ig6xDqFOn","workflowName":"Telegram ventas","executionId":"42","nodeType":"n8n-nodes-base.code","nodeName":"Code in JavaScript","nodeId":"0b90cd4f-9ad6-4409-8f10-71283d02f19e"}}
{"__type":"$$EventMessageConfirm","confirm":"c533d281-b1cb-4325-9188-aa4c1b607033","ts":"2025-11-07T19:27:45.310-05:00","source":{"id":"0","name":"eventBus"}}
{"__type":"$$EventMessageNode","id":"80aeaa52-8a68-4223-a92e-42abfae80f67","ts":"2025-11-07T19:27:45.328-05:00","eventName":"n8n.node.finished","message":"n8n.node.finished","payload":{"workflowId":"F9MOsY9ig6xDqFOn","workflowName":"Telegram ventas","executionId":"42","nodeType":"n8n-nodes-base.code","nodeName":"Code in JavaScript","nodeId":"0b90cd4f-9ad6-4409-8f10-71283d02f19e"}}
{"__type":"$$EventMessageConfirm","confirm":"80aeaa52-8a68-4223-a92e-42abfae80f67","ts":"2025-11-07T19:27:45.328-05:00","source":{"id":"0","name":"eventBus"}}
{"__type":"$$EventMessageWorkflow","id":"7a4bea4a-4a7a-4071-907a-666f2c467f43","ts":"2025-11-07T19:27:45.332-05:00","eventName":"n8n.workflow.success","message":"n8n.workflow.success","payload":{"userId":"a847cc1d-d439-4c8d-ac02-192de4d567cd","executionId":"42","success":true,"isManual":true,"workflowId":"F9MOsY9ig6xDqFOn","workflowName":"Telegram ventas"}}
{"__type":"$$EventMessageConfirm","confirm":"7a4bea4a-4a7a-4071-907a-666f2c467f43","ts":"2025-11-07T19:27:45.332-05:00","source":{"id":"0","name":"eventBus"}}
{"__type":"$$EventMessageAudit","id":"fb014156-0995-47d7-a4a9-164439b31652","ts":"2025-11-07T19:27:48.661-05:00","eventName":"n8n.audit.workflow.updated","message":"n8n.audit.workflow.updated","payload":{"userId":"a847cc1d-d439-4c8d-ac02-192de4d567cd","_email":"fabianvillablanca97@gmail.com","_firstName":"Fabian","_lastName":"Villablanca","globalRole":"global:owner","workflowId":"F9MOsY9ig6xDqFOn","workflowName":"Telegram ventas"}}
{"__type":"$$EventMessageConfirm","confirm":"fb014156-0995-47d7-a4a9-164439b31652","ts":"2025-11-07T19:27:48.662-05:00","source":{"id":"0","name":"eventBus"}}
{"__type":"$$EventMessageWorkflow","id":"38b9765b-9fa0-4f89-9d8e-eea2f87658f9","ts":"2025-11-07T19:28:22.410-05:00","eventName":"n8n.workflow.started","message":"n8n.workflow.started","payload":{"executionId":"43","workflowId":"F9MOsY9ig6xDqFOn","isManual":false,"workflowName":"Telegram ventas"}}
{"__type":"$$EventMessageConfirm","confirm":"38b9765b-9fa0-4f89-9d8e-eea2f87658f9","ts":"2025-11-07T19:28:22.410-05:00","source":{"id":"0","name":"eventBus"}}
{"__type":"$$EventMessageNode","id":"5f8d7cf0-d3ad-467e-9745-b939a7388460","ts":"2025-11-07T19:28:22.410-05:00","eventName":"n8n.node.started","message":"n8n.node.started","payload":{"workflowId":"F9MOsY9ig6xDqFOn","workflowName":"Telegram ventas","executionId":"43","nodeType":"n8n-nodes-base.telegramTrigger","nodeName":"Telegram Trigger","nodeId":"d8dad8de-bbff-4981-8299-ca61adb305d8"}}
{"__type":"$$EventMessageConfirm","confirm":"5f8d7cf0-d3ad-467e-9745-b939a7388460","ts":"2025-11-07T19:28:22.410-05:00","source":{"id":"0","name":"eventBus"}}
{"__type":"$$EventMessageNode","id":"733318b3-6163-4759-9afa-7eeb631bc2e0","ts":"2025-11-07T19:28:22.411-05:00","eventName":"n8n.node.finished","message":"n8n.node.finished","payload":{"workflowId":"F9MOsY9ig6xDqFOn","workflowName":"Telegram ventas","executionId":"43","nodeType":"n8n-nodes-base.telegramTrigger","nodeName":"Telegram Trigger","nodeId":"d8dad8de-bbff-4981-8299-ca61adb305d8"}}
{"__type":"$$EventMessageConfirm","confirm":"733318b3-6163-4759-9afa-7eeb631bc2e0","ts":"2025-11-07T19:28:22.411-05:00","source":{"id":"0","name":"eventBus"}}
{"__type":"$$EventMessageNode","id":"43f07702-ba0f-45b4-918e-ffa8ee9b310e","ts":"2025-11-07T19:28:22.411-05:00","eventName":"n8n.node.started","message":"n8n.node.started","payload":{"workflowId":"F9MOsY9ig6xDqFOn","workflowName":"Telegram ventas","executionId":"43","nodeType":"n8n-nodes-base.set","nodeName":"Edit Fields","nodeId":"0adcd2be-3121-4a7d-8bbf-4d85519b26da"}}
{"__type":"$$EventMessageConfirm","confirm":"43f07702-ba0f-45b4-918e-ffa8ee9b310e","ts":"2025-11-07T19:28:22.411-05:00","source":{"id":"0","name":"eventBus"}}
{"__type":"$$EventMessageNode","id":"8715d746-3de4-4a66-ac2e-5f4bfad4b907","ts":"2025-11-07T19:28:22.412-05:00","eventName":"n8n.node.finished","message":"n8n.node.finished","payload":{"workflowId":"F9MOsY9ig6xDqFOn","workflowName":"Telegram ventas","executionId":"43","nodeType":"n8n-nodes-base.set","nodeName":"Edit Fields","nodeId":"0adcd2be-3121-4a7d-8bbf-4d85519b26da"}}
{"__type":"$$EventMessageConfirm","confirm":"8715d746-3de4-4a66-ac2e-5f4bfad4b907","ts":"2025-11-07T19:28:22.412-05:00","source":{"id":"0","name":"eventBus"}}
{"__type":"$$EventMessageNode","id":"d529bb3f-a31c-4890-ada0-748ab4536df1","ts":"2025-11-07T19:28:22.412-05:00","eventName":"n8n.node.started","message":"n8n.node.started","payload":{"workflowId":"F9MOsY9ig6xDqFOn","workflowName":"Telegram ventas","executionId":"43","nodeType":"n8n-nodes-base.code","nodeName":"Code in JavaScript","nodeId":"0b90cd4f-9ad6-4409-8f10-71283d02f19e"}}
{"__type":"$$EventMessageConfirm","confirm":"d529bb3f-a31c-4890-ada0-748ab4536df1","ts":"2025-11-07T19:28:22.412-05:00","source":{"id":"0","name":"eventBus"}}
{"__type":"$$EventMessageNode","id":"363b7189-648e-4fa1-b016-6e52e69bc102","ts":"2025-11-07T19:28:22.422-05:00","eventName":"n8n.node.finished","message":"n8n.node.finished","payload":{"workflowId":"F9MOsY9ig6xDqFOn","workflowName":"Telegram ventas","executionId":"43","nodeType":"n8n-nodes-base.code","nodeName":"Code in JavaScript","nodeId":"0b90cd4f-9ad6-4409-8f10-71283d02f19e"}}
{"__type":"$$EventMessageConfirm","confirm":"363b7189-648e-4fa1-b016-6e52e69bc102","ts":"2025-11-07T19:28:22.422-05:00","source":{"id":"0","name":"eventBus"}}
{"__type":"$$EventMessageNode","id":"d2adf58e-7e60-460d-a18a-1aa46a7a74ad","ts":"2025-11-07T19:28:22.423-05:00","eventName":"n8n.node.started","message":"n8n.node.started","payload":{"workflowId":"F9MOsY9ig6xDqFOn","workflowName":"Telegram ventas","executionId":"43","nodeType":"n8n-nodes-base.googleSheets","nodeName":"Append row in sheet","nodeId":"8d6a918e-060e-4ed5-94a8-f9ca5b2e742f"}}
{"__type":"$$EventMessageConfirm","confirm":"d2adf58e-7e60-460d-a18a-1aa46a7a74ad","ts":"2025-11-07T19:28:22.423-05:00","source":{"id":"0","name":"eventBus"}}
{"__type":"$$EventMessageNode","id":"21546f49-2108-4d41-96dd-8c56f4c024a0","ts":"2025-11-07T19:28:25.505-05:00","eventName":"n8n.node.finished","message":"n8n.node.finished","payload":{"workflowId":"F9MOsY9ig6xDqFOn","workflowName":"Telegram ventas","executionId":"43","nodeType":"n8n-nodes-base.googleSheets","nodeName":"Append row in sheet","nodeId":"8d6a918e-060e-4ed5-94a8-f9ca5b2e742f"}}
{"__type":"$$EventMessageConfirm","confirm":"21546f49-2108-4d41-96dd-8c56f4c024a0","ts":"2025-11-07T19:28:25.505-05:00","source":{"id":"0","name":"eventBus"}}
{"__type":"$$EventMessageWorkflow","id":"06c30126-4e19-4f66-91d6-50edd9162907","ts":"2025-11-07T19:28:25.506-05:00","eventName":"n8n.workflow.success","message":"n8n.workflow.success","payload":{"executionId":"43","success":true,"isManual":false,"workflowId":"F9MOsY9ig6xDqFOn","workflowName":"Telegram ventas"}}
{"__type":"$$EventMessageConfirm","confirm":"06c30126-4e19-4f66-91d6-50edd9162907","ts":"2025-11-07T19:28:25.506-05:00","source":{"id":"0","name":"eventBus"}}
{"__type":"$$EventMessageWorkflow","id":"488febca-ac0c-4fc6-b189-926ecfa346fe","ts":"2025-11-07T19:29:40.679-05:00","eventName":"n8n.workflow.started","message":"n8n.workflow.started","payload":{"executionId":"44","workflowId":"F9MOsY9ig6xDqFOn","isManual":false,"workflowName":"Telegram ventas"}}
{"__type":"$$EventMessageConfirm","confirm":"488febca-ac0c-4fc6-b189-926ecfa346fe","ts":"2025-11-07T19:29:40.679-05:00","source":{"id":"0","name":"eventBus"}}
{"__type":"$$EventMessageNode","id":"f2bcb923-d519-4979-972e-a03271ff6140","ts":"2025-11-07T19:29:40.679-05:00","eventName":"n8n.node.started","message":"n8n.node.started","payload":{"workflowId":"F9MOsY9ig6xDqFOn","workflowName":"Telegram ventas","executionId":"44","nodeType":"n8n-nodes-base.telegramTrigger","nodeName":"Telegram Trigger","nodeId":"d8dad8de-bbff-4981-8299-ca61adb305d8"}}
{"__type":"$$EventMessageConfirm","confirm":"f2bcb923-d519-4979-972e-a03271ff6140","ts":"2025-11-07T19:29:40.679-05:00","source":{"id":"0","name":"eventBus"}}
{"__type":"$$EventMessageNode","id":"299ddaec-d6df-4d62-8b77-04a840311c84","ts":"2025-11-07T19:29:40.679-05:00","eventName":"n8n.node.finished","message":"n8n.node.finished","payload":{"workflowId":"F9MOsY9ig6xDqFOn","workflowName":"Telegram ventas","executionId":"44","nodeType":"n8n-nodes-base.telegramTrigger","nodeName":"Telegram Trigger","nodeId":"d8dad8de-bbff-4981-8299-ca61adb305d8"}}
{"__type":"$$EventMessageConfirm","confirm":"299ddaec-d6df-4d62-8b77-04a840311c84","ts":"2025-11-07T19:29:40.679-05:00","source":{"id":"0","name":"eventBus"}}
{"__type":"$$EventMessageNode","id":"b1270b91-6a6a-4a8d-8a29-df8f438d0d6a","ts":"2025-11-07T19:29:40.679-05:00","eventName":"n8n.node.started","message":"n8n.node.started","payload":{"workflowId":"F9MOsY9ig6xDqFOn","workflowName":"Telegram ventas","executionId":"44","nodeType":"n8n-nodes-base.set","nodeName":"Edit Fields","nodeId":"0adcd2be-3121-4a7d-8bbf-4d85519b26da"}}
{"__type":"$$EventMessageConfirm","confirm":"b1270b91-6a6a-4a8d-8a29-df8f438d0d6a","ts":"2025-11-07T19:29:40.679-05:00","source":{"id":"0","name":"eventBus"}}
{"__type":"$$EventMessageNode","id":"13a001f1-4cd7-492d-93e4-05d68f9d8d2d","ts":"2025-11-07T19:29:40.680-05:00","eventName":"n8n.node.finished","message":"n8n.node.finished","payload":{"workflowId":"F9MOsY9ig6xDqFOn","workflowName":"Telegram ventas","executionId":"44","nodeType":"n8n-nodes-base.set","nodeName":"Edit Fields","nodeId":"0adcd2be-3121-4a7d-8bbf-4d85519b26da"}}
{"__type":"$$EventMessageConfirm","confirm":"13a001f1-4cd7-492d-93e4-05d68f9d8d2d","ts":"2025-11-07T19:29:40.681-05:00","source":{"id":"0","name":"eventBus"}}
{"__type":"$$EventMessageNode","id":"539bdde6-3c9f-4bde-bdc5-dae48894e02e","ts":"2025-11-07T19:29:40.681-05:00","eventName":"n8n.node.started","message":"n8n.node.started","payload":{"workflowId":"F9MOsY9ig6xDqFOn","workflowName":"Telegram ventas","executionId":"44","nodeType":"n8n-nodes-base.code","nodeName":"Code in JavaScript","nodeId":"0b90cd4f-9ad6-4409-8f10-71283d02f19e"}}
{"__type":"$$EventMessageConfirm","confirm":"539bdde6-3c9f-4bde-bdc5-dae48894e02e","ts":"2025-11-07T19:29:40.681-05:00","source":{"id":"0","name":"eventBus"}}
{"__type":"$$EventMessageNode","id":"986a7c0b-5a79-48e7-994b-797f271eaf30","ts":"2025-11-07T19:29:40.688-05:00","eventName":"n8n.node.finished","message":"n8n.node.finished","payload":{"workflowId":"F9MOsY9ig6xDqFOn","workflowName":"Telegram ventas","executionId":"44","nodeType":"n8n-nodes-base.code","nodeName":"Code in JavaScript","nodeId":"0b90cd4f-9ad6-4409-8f10-71283d02f19e"}}
{"__type":"$$EventMessageConfirm","confirm":"986a7c0b-5a79-48e7-994b-797f271eaf30","ts":"2025-11-07T19:29:40.688-05:00","source":{"id":"0","name":"eventBus"}}
{"__type":"$$EventMessageNode","id":"22ddbe4c-d7c8-4f6d-9f93-86a33e209cb2","ts":"2025-11-07T19:29:40.688-05:00","eventName":"n8n.node.started","message":"n8n.node.started","payload":{"workflowId":"F9MOsY9ig6xDqFOn","workflowName":"Telegram ventas","executionId":"44","nodeType":"n8n-nodes-base.googleSheets","nodeName":"Append row in sheet","nodeId":"8d6a918e-060e-4ed5-94a8-f9ca5b2e742f"}}
{"__type":"$$EventMessageConfirm","confirm":"22ddbe4c-d7c8-4f6d-9f93-86a33e209cb2","ts":"2025-11-07T19:29:40.688-05:00","source":{"id":"0","name":"eventBus"}}
{"__type":"$$EventMessageNode","id":"18849ebf-7868-4a6c-ac09-5422f0eebecb","ts":"2025-11-07T19:29:43.377-05:00","eventName":"n8n.node.finished","message":"n8n.node.finished","payload":{"workflowId":"F9MOsY9ig6xDqFOn","workflowName":"Telegram ventas","executionId":"44","nodeType":"n8n-nodes-base.googleSheets","nodeName":"Append row in sheet","nodeId":"8d6a918e-060e-4ed5-94a8-f9ca5b2e742f"}}
{"__type":"$$EventMessageConfirm","confirm":"18849ebf-7868-4a6c-ac09-5422f0eebecb","ts":"2025-11-07T19:29:43.377-05:00","source":{"id":"0","name":"eventBus"}}
{"__type":"$$EventMessageWorkflow","id":"d59bc68a-6158-413f-9bed-eaf25bf2e687","ts":"2025-11-07T19:29:43.377-05:00","eventName":"n8n.workflow.success","message":"n8n.workflow.success","payload":{"executionId":"44","success":true,"isManual":false,"workflowId":"F9MOsY9ig6xDqFOn","workflowName":"Telegram ventas"}}
{"__type":"$$EventMessageConfirm","confirm":"d59bc68a-6158-413f-9bed-eaf25bf2e687","ts":"2025-11-07T19:29:43.377-05:00","source":{"id":"0","name":"eventBus"}}
{"__type":"$$EventMessageWorkflow","id":"fb7d7649-90f1-47ce-b820-d8c3ee493d5e","ts":"2025-11-07T19:39:07.675-05:00","eventName":"n8n.workflow.started","message":"n8n.workflow.started","payload":{"executionId":"45","workflowId":"F9MOsY9ig6xDqFOn","isManual":false,"workflowName":"Telegram ventas"}}
{"__type":"$$EventMessageConfirm","confirm":"fb7d7649-90f1-47ce-b820-d8c3ee493d5e","ts":"2025-11-07T19:39:07.675-05:00","source":{"id":"0","name":"eventBus"}}
{"__type":"$$EventMessageNode","id":"b53318b3-5996-4929-8de0-fd56a10af1a9","ts":"2025-11-07T19:39:07.676-05:00","eventName":"n8n.node.started","message":"n8n.node.started","payload":{"workflowId":"F9MOsY9ig6xDqFOn","workflowName":"Telegram ventas","executionId":"45","nodeType":"n8n-nodes-base.telegramTrigger","nodeName":"Telegram Trigger","nodeId":"d8dad8de-bbff-4981-8299-ca61adb305d8"}}
{"__type":"$$EventMessageConfirm","confirm":"b53318b3-5996-4929-8de0-fd56a10af1a9","ts":"2025-11-07T19:39:07.676-05:00","source":{"id":"0","name":"eventBus"}}
{"__type":"$$EventMessageNode","id":"ccd54d9a-49b4-4e08-8002-2c6ac0c5b931","ts":"2025-11-07T19:39:07.676-05:00","eventName":"n8n.node.finished","message":"n8n.node.finished","payload":{"workflowId":"F9MOsY9ig6xDqFOn","workflowName":"Telegram ventas","executionId":"45","nodeType":"n8n-nodes-base.telegramTrigger","nodeName":"Telegram Trigger","nodeId":"d8dad8de-bbff-4981-8299-ca61adb305d8"}}
{"__type":"$$EventMessageConfirm","confirm":"ccd54d9a-49b4-4e08-8002-2c6ac0c5b931","ts":"2025-11-07T19:39:07.676-05:00","source":{"id":"0","name":"eventBus"}}
{"__type":"$$EventMessageNode","id":"450ad9cf-267c-47a1-901d-cb136a97d788","ts":"2025-11-07T19:39:07.677-05:00","eventName":"n8n.node.started","message":"n8n.node.started","payload":{"workflowId":"F9MOsY9ig6xDqFOn","workflowName":"Telegram ventas","executionId":"45","nodeType":"n8n-nodes-base.set","nodeName":"Edit Fields","nodeId":"0adcd2be-3121-4a7d-8bbf-4d85519b26da"}}
{"__type":"$$EventMessageConfirm","confirm":"450ad9cf-267c-47a1-901d-cb136a97d788","ts":"2025-11-07T19:39:07.677-05:00","source":{"id":"0","name":"eventBus"}}
{"__type":"$$EventMessageNode","id":"3b694efa-d659-49d5-936a-ec8c1881434a","ts":"2025-11-07T19:39:07.678-05:00","eventName":"n8n.node.finished","message":"n8n.node.finished","payload":{"workflowId":"F9MOsY9ig6xDqFOn","workflowName":"Telegram ventas","executionId":"45","nodeType":"n8n-nodes-base.set","nodeName":"Edit Fields","nodeId":"0adcd2be-3121-4a7d-8bbf-4d85519b26da"}}
{"__type":"$$EventMessageConfirm","confirm":"3b694efa-d659-49d5-936a-ec8c1881434a","ts":"2025-11-07T19:39:07.678-05:00","source":{"id":"0","name":"eventBus"}}
{"__type":"$$EventMessageNode","id":"7b1b03df-cf3e-418e-905d-bf9fe4cc4690","ts":"2025-11-07T19:39:07.678-05:00","eventName":"n8n.node.started","message":"n8n.node.started","payload":{"workflowId":"F9MOsY9ig6xDqFOn","workflowName":"Telegram ventas","executionId":"45","nodeType":"n8n-nodes-base.code","nodeName":"Code in JavaScript","nodeId":"0b90cd4f-9ad6-4409-8f10-71283d02f19e"}}
{"__type":"$$EventMessageConfirm","confirm":"7b1b03df-cf3e-418e-905d-bf9fe4cc4690","ts":"2025-11-07T19:39:07.678-05:00","source":{"id":"0","name":"eventBus"}}
{"__type":"$$EventMessageNode","id":"fff5a121-cd43-43e9-b089-da24fd921cf1","ts":"2025-11-07T19:39:07.688-05:00","eventName":"n8n.node.finished","message":"n8n.node.finished","payload":{"workflowId":"F9MOsY9ig6xDqFOn","workflowName":"Telegram ventas","executionId":"45","nodeType":"n8n-nodes-base.code","nodeName":"Code in JavaScript","nodeId":"0b90cd4f-9ad6-4409-8f10-71283d02f19e"}}
{"__type":"$$EventMessageConfirm","confirm":"fff5a121-cd43-43e9-b089-da24fd921cf1","ts":"2025-11-07T19:39:07.688-05:00","source":{"id":"0","name":"eventBus"}}
{"__type":"$$EventMessageNode","id":"8ec53689-1279-44c9-9d26-7065d7cfbe02","ts":"2025-11-07T19:39:07.689-05:00","eventName":"n8n.node.started","message":"n8n.node.started","payload":{"workflowId":"F9MOsY9ig6xDqFOn","workflowName":"Telegram ventas","executionId":"45","nodeType":"n8n-nodes-base.googleSheets","nodeName":"Append row in sheet","nodeId":"8d6a918e-060e-4ed5-94a8-f9ca5b2e742f"}}
{"__type":"$$EventMessageConfirm","confirm":"8ec53689-1279-44c9-9d26-7065d7cfbe02","ts":"2025-11-07T19:39:07.689-05:00","source":{"id":"0","name":"eventBus"}}
{"__type":"$$EventMessageNode","id":"71818f13-0d82-43fd-8647-083c94596bf7","ts":"2025-11-07T19:39:10.424-05:00","eventName":"n8n.node.finished","message":"n8n.node.finished","payload":{"workflowId":"F9MOsY9ig6xDqFOn","workflowName":"Telegram ventas","executionId":"45","nodeType":"n8n-nodes-base.googleSheets","nodeName":"Append row in sheet","nodeId":"8d6a918e-060e-4ed5-94a8-f9ca5b2e742f"}}
{"__type":"$$EventMessageConfirm","confirm":"71818f13-0d82-43fd-8647-083c94596bf7","ts":"2025-11-07T19:39:10.424-05:00","source":{"id":"0","name":"eventBus"}}
{"__type":"$$EventMessageWorkflow","id":"62cde708-d72f-4b30-9ffe-46d2560c3dc1","ts":"2025-11-07T19:39:10.424-05:00","eventName":"n8n.workflow.failed","message":"n8n.workflow.failed","payload":{"executionId":"45","success":false,"isManual":false,"workflowId":"F9MOsY9ig6xDqFOn","workflowName":"Telegram ventas","lastNodeExecuted":"Append row in sheet","errorNodeType":"n8n-nodes-base.googleSheets","errorMessage":"Could not retrieve the column data"}}
{"__type":"$$EventMessageConfirm","confirm":"62cde708-d72f-4b30-9ffe-46d2560c3dc1","ts":"2025-11-07T19:39:10.425-05:00","source":{"id":"0","name":"eventBus"}}
{"__type":"$$EventMessageWorkflow","id":"622a4970-b0c4-4fa9-9768-042045940517","ts":"2025-11-07T19:39:35.936-05:00","eventName":"n8n.workflow.started","message":"n8n.workflow.started","payload":{"executionId":"46","workflowId":"F9MOsY9ig6xDqFOn","isManual":false,"workflowName":"Telegram ventas"}}
{"__type":"$$EventMessageConfirm","confirm":"622a4970-b0c4-4fa9-9768-042045940517","ts":"2025-11-07T19:39:35.936-05:00","source":{"id":"0","name":"eventBus"}}
{"__type":"$$EventMessageNode","id":"4b099039-e442-4ef6-bb8a-210493242b9c","ts":"2025-11-07T19:39:35.936-05:00","eventName":"n8n.node.started","message":"n8n.node.started","payload":{"workflowId":"F9MOsY9ig6xDqFOn","workflowName":"Telegram ventas","executionId":"46","nodeType":"n8n-nodes-base.telegramTrigger","nodeName":"Telegram Trigger","nodeId":"d8dad8de-bbff-4981-8299-ca61adb305d8"}}
{"__type":"$$EventMessageConfirm","confirm":"4b099039-e442-4ef6-bb8a-210493242b9c","ts":"2025-11-07T19:39:35.936-05:00","source":{"id":"0","name":"eventBus"}}
{"__type":"$$EventMessageNode","id":"1823928d-637d-4d46-9034-08f85a7cfbd4","ts":"2025-11-07T19:39:35.937-05:00","eventName":"n8n.node.finished","message":"n8n.node.finished","payload":{"workflowId":"F9MOsY9ig6xDqFOn","workflowName":"Telegram ventas","executionId":"46","nodeType":"n8n-nodes-base.telegramTrigger","nodeName":"Telegram Trigger","nodeId":"d8dad8de-bbff-4981-8299-ca61adb305d8"}}
{"__type":"$$EventMessageConfirm","confirm":"1823928d-637d-4d46-9034-08f85a7cfbd4","ts":"2025-11-07T19:39:35.937-05:00","source":{"id":"0","name":"eventBus"}}
{"__type":"$$EventMessageNode","id":"64c96a8a-dac6-43a1-a44b-c9a9c8673919","ts":"2025-11-07T19:39:35.937-05:00","eventName":"n8n.node.started","message":"n8n.node.started","payload":{"workflowId":"F9MOsY9ig6xDqFOn","workflowName":"Telegram ventas","executionId":"46","nodeType":"n8n-nodes-base.set","nodeName":"Edit Fields","nodeId":"0adcd2be-3121-4a7d-8bbf-4d85519b26da"}}
{"__type":"$$EventMessageConfirm","confirm":"64c96a8a-dac6-43a1-a44b-c9a9c8673919","ts":"2025-11-07T19:39:35.937-05:00","source":{"id":"0","name":"eventBus"}}
{"__type":"$$EventMessageNode","id":"82b6828f-c812-4a11-abc3-80de34a17b9c","ts":"2025-11-07T19:39:35.938-05:00","eventName":"n8n.node.finished","message":"n8n.node.finished","payload":{"workflowId":"F9MOsY9ig6xDqFOn","workflowName":"Telegram ventas","executionId":"46","nodeType":"n8n-nodes-base.set","nodeName":"Edit Fields","nodeId":"0adcd2be-3121-4a7d-8bbf-4d85519b26da"}}
{"__type":"$$EventMessageConfirm","confirm":"82b6828f-c812-4a11-abc3-80de34a17b9c","ts":"2025-11-07T19:39:35.938-05:00","source":{"id":"0","name":"eventBus"}}
{"__type":"$$EventMessageNode","id":"6621c493-d882-4ce1-96fb-36a59c3bc44c","ts":"2025-11-07T19:39:35.938-05:00","eventName":"n8n.node.started","message":"n8n.node.started","payload":{"workflowId":"F9MOsY9ig6xDqFOn","workflowName":"Telegram ventas","executionId":"46","nodeType":"n8n-nodes-base.code","nodeName":"Code in JavaScript","nodeId":"0b90cd4f-9ad6-4409-8f10-71283d02f19e"}}
{"__type":"$$EventMessageConfirm","confirm":"6621c493-d882-4ce1-96fb-36a59c3bc44c","ts":"2025-11-07T19:39:35.938-05:00","source":{"id":"0","name":"eventBus"}}
{"__type":"$$EventMessageNode","id":"d3b15ac8-d4fd-4976-93cc-abd72f6c4ad2","ts":"2025-11-07T19:39:35.945-05:00","eventName":"n8n.node.finished","message":"n8n.node.finished","payload":{"workflowId":"F9MOsY9ig6xDqFOn","workflowName":"Telegram ventas","executionId":"46","nodeType":"n8n-nodes-base.code","nodeName":"Code in JavaScript","nodeId":"0b90cd4f-9ad6-4409-8f10-71283d02f19e"}}
{"__type":"$$EventMessageConfirm","confirm":"d3b15ac8-d4fd-4976-93cc-abd72f6c4ad2","ts":"2025-11-07T19:39:35.945-05:00","source":{"id":"0","name":"eventBus"}}
{"__type":"$$EventMessageNode","id":"c35efa39-bf4e-4118-b639-c7ba55d9f8a3","ts":"2025-11-07T19:39:35.945-05:00","eventName":"n8n.node.started","message":"n8n.node.started","payload":{"workflowId":"F9MOsY9ig6xDqFOn","workflowName":"Telegram ventas","executionId":"46","nodeType":"n8n-nodes-base.googleSheets","nodeName":"Append row in sheet","nodeId":"8d6a918e-060e-4ed5-94a8-f9ca5b2e742f"}}
{"__type":"$$EventMessageConfirm","confirm":"c35efa39-bf4e-4118-b639-c7ba55d9f8a3","ts":"2025-11-07T19:39:35.945-05:00","source":{"id":"0","name":"eventBus"}}
{"__type":"$$EventMessageNode","id":"02e6549c-5419-4e99-96e9-456190159d81","ts":"2025-11-07T19:39:37.865-05:00","eventName":"n8n.node.finished","message":"n8n.node.finished","payload":{"workflowId":"F9MOsY9ig6xDqFOn","workflowName":"Telegram ventas","executionId":"46","nodeType":"n8n-nodes-base.googleSheets","nodeName":"Append row in sheet","nodeId":"8d6a918e-060e-4ed5-94a8-f9ca5b2e742f"}}
{"__type":"$$EventMessageConfirm","confirm":"02e6549c-5419-4e99-96e9-456190159d81","ts":"2025-11-07T19:39:37.865-05:00","source":{"id":"0","name":"eventBus"}}
{"__type":"$$EventMessageWorkflow","id":"413ccdeb-1278-44ab-9a89-acee6848e2f6","ts":"2025-11-07T19:39:37.865-05:00","eventName":"n8n.workflow.failed","message":"n8n.workflow.failed","payload":{"executionId":"46","success":false,"isManual":false,"workflowId":"F9MOsY9ig6xDqFOn","workflowName":"Telegram ventas","lastNodeExecuted":"Append row in sheet","errorNodeType":"n8n-nodes-base.googleSheets","errorMessage":"Could not retrieve the column data"}}
{"__type":"$$EventMessageConfirm","confirm":"413ccdeb-1278-44ab-9a89-acee6848e2f6","ts":"2025-11-07T19:39:37.865-05:00","source":{"id":"0","name":"eventBus"}}
{"__type":"$$EventMessageWorkflow","id":"56b7f299-348a-4916-b42b-d30f6dc8a765","ts":"2025-11-07T19:42:11.153-05:00","eventName":"n8n.workflow.started","message":"n8n.workflow.started","payload":{"executionId":"47","workflowId":"F9MOsY9ig6xDqFOn","isManual":false,"workflowName":"Telegram ventas"}}
{"__type":"$$EventMessageConfirm","confirm":"56b7f299-348a-4916-b42b-d30f6dc8a765","ts":"2025-11-07T19:42:11.153-05:00","source":{"id":"0","name":"eventBus"}}
{"__type":"$$EventMessageNode","id":"0d6a919b-88de-4ace-a506-4438271e2560","ts":"2025-11-07T19:42:11.153-05:00","eventName":"n8n.node.started","message":"n8n.node.started","payload":{"workflowId":"F9MOsY9ig6xDqFOn","workflowName":"Telegram ventas","executionId":"47","nodeType":"n8n-nodes-base.telegramTrigger","nodeName":"Telegram Trigger","nodeId":"d8dad8de-bbff-4981-8299-ca61adb305d8"}}
{"__type":"$$EventMessageConfirm","confirm":"0d6a919b-88de-4ace-a506-4438271e2560","ts":"2025-11-07T19:42:11.153-05:00","source":{"id":"0","name":"eventBus"}}
{"__type":"$$EventMessageNode","id":"a32a1243-5637-4059-bea1-f4539b2a30c7","ts":"2025-11-07T19:42:11.153-05:00","eventName":"n8n.node.finished","message":"n8n.node.finished","payload":{"workflowId":"F9MOsY9ig6xDqFOn","workflowName":"Telegram ventas","executionId":"47","nodeType":"n8n-nodes-base.telegramTrigger","nodeName":"Telegram Trigger","nodeId":"d8dad8de-bbff-4981-8299-ca61adb305d8"}}
{"__type":"$$EventMessageConfirm","confirm":"a32a1243-5637-4059-bea1-f4539b2a30c7","ts":"2025-11-07T19:42:11.153-05:00","source":{"id":"0","name":"eventBus"}}
{"__type":"$$EventMessageNode","id":"611b9021-8778-4271-acb6-f34d1cf0dc38","ts":"2025-11-07T19:42:11.153-05:00","eventName":"n8n.node.started","message":"n8n.node.started","payload":{"workflowId":"F9MOsY9ig6xDqFOn","workflowName":"Telegram ventas","executionId":"47","nodeType":"n8n-nodes-base.set","nodeName":"Edit Fields","nodeId":"0adcd2be-3121-4a7d-8bbf-4d85519b26da"}}
{"__type":"$$EventMessageConfirm","confirm":"611b9021-8778-4271-acb6-f34d1cf0dc38","ts":"2025-11-07T19:42:11.153-05:00","source":{"id":"0","name":"eventBus"}}
{"__type":"$$EventMessageNode","id":"b0900d62-c977-40ea-bc96-49846752630d","ts":"2025-11-07T19:42:11.154-05:00","eventName":"n8n.node.finished","message":"n8n.node.finished","payload":{"workflowId":"F9MOsY9ig6xDqFOn","workflowName":"Telegram ventas","executionId":"47","nodeType":"n8n-nodes-base.set","nodeName":"Edit Fields","nodeId":"0adcd2be-3121-4a7d-8bbf-4d85519b26da"}}
{"__type":"$$EventMessageConfirm","confirm":"b0900d62-c977-40ea-bc96-49846752630d","ts":"2025-11-07T19:42:11.154-05:00","source":{"id":"0","name":"eventBus"}}
{"__type":"$$EventMessageNode","id":"4b997bdd-9926-41ac-a964-f0e4ea465a3c","ts":"2025-11-07T19:42:11.154-05:00","eventName":"n8n.node.started","message":"n8n.node.started","payload":{"workflowId":"F9MOsY9ig6xDqFOn","workflowName":"Telegram ventas","executionId":"47","nodeType":"n8n-nodes-base.code","nodeName":"Code in JavaScript","nodeId":"0b90cd4f-9ad6-4409-8f10-71283d02f19e"}}
{"__type":"$$EventMessageConfirm","confirm":"4b997bdd-9926-41ac-a964-f0e4ea465a3c","ts":"2025-11-07T19:42:11.154-05:00","source":{"id":"0","name":"eventBus"}}
{"__type":"$$EventMessageNode","id":"3592188d-f811-4445-b803-818c89f2af1f","ts":"2025-11-07T19:42:11.161-05:00","eventName":"n8n.node.finished","message":"n8n.node.finished","payload":{"workflowId":"F9MOsY9ig6xDqFOn","workflowName":"Telegram ventas","executionId":"47","nodeType":"n8n-nodes-base.code","nodeName":"Code in JavaScript","nodeId":"0b90cd4f-9ad6-4409-8f10-71283d02f19e"}}
{"__type":"$$EventMessageConfirm","confirm":"3592188d-f811-4445-b803-818c89f2af1f","ts":"2025-11-07T19:42:11.161-05:00","source":{"id":"0","name":"eventBus"}}
{"__type":"$$EventMessageNode","id":"00c5bc4f-ac11-49b1-954e-b47c3e702256","ts":"2025-11-07T19:42:11.162-05:00","eventName":"n8n.node.started","message":"n8n.node.started","payload":{"workflowId":"F9MOsY9ig6xDqFOn","workflowName":"Telegram ventas","executionId":"47","nodeType":"n8n-nodes-base.googleSheets","nodeName":"Append row in sheet","nodeId":"8d6a918e-060e-4ed5-94a8-f9ca5b2e742f"}}
{"__type":"$$EventMessageConfirm","confirm":"00c5bc4f-ac11-49b1-954e-b47c3e702256","ts":"2025-11-07T19:42:11.162-05:00","source":{"id":"0","name":"eventBus"}}
{"__type":"$$EventMessageNode","id":"bd001fcb-a313-42ad-a815-dcd881f4f913","ts":"2025-11-07T19:42:13.033-05:00","eventName":"n8n.node.finished","message":"n8n.node.finished","payload":{"workflowId":"F9MOsY9ig6xDqFOn","workflowName":"Telegram ventas","executionId":"47","nodeType":"n8n-nodes-base.googleSheets","nodeName":"Append row in sheet","nodeId":"8d6a918e-060e-4ed5-94a8-f9ca5b2e742f"}}
{"__type":"$$EventMessageConfirm","confirm":"bd001fcb-a313-42ad-a815-dcd881f4f913","ts":"2025-11-07T19:42:13.033-05:00","source":{"id":"0","name":"eventBus"}}
{"__type":"$$EventMessageWorkflow","id":"43554dc5-c1d8-4b68-883b-6847bd996c69","ts":"2025-11-07T19:42:13.033-05:00","eventName":"n8n.workflow.failed","message":"n8n.workflow.failed","payload":{"executionId":"47","success":false,"isManual":false,"workflowId":"F9MOsY9ig6xDqFOn","workflowName":"Telegram ventas","lastNodeExecuted":"Append row in sheet","errorNodeType":"n8n-nodes-base.googleSheets","errorMessage":"Could not retrieve the column data"}}
{"__type":"$$EventMessageConfirm","confirm":"43554dc5-c1d8-4b68-883b-6847bd996c69","ts":"2025-11-07T19:42:13.033-05:00","source":{"id":"0","name":"eventBus"}}
{"__type":"$$EventMessageWorkflow","id":"30eb1422-ab1a-4b13-a2a5-907244ec3cc0","ts":"2025-11-07T19:42:33.540-05:00","eventName":"n8n.workflow.started","message":"n8n.workflow.started","payload":{"executionId":"48","workflowId":"F9MOsY9ig6xDqFOn","isManual":false,"workflowName":"Telegram ventas"}}
{"__type":"$$EventMessageConfirm","confirm":"30eb1422-ab1a-4b13-a2a5-907244ec3cc0","ts":"2025-11-07T19:42:33.540-05:00","source":{"id":"0","name":"eventBus"}}
{"__type":"$$EventMessageNode","id":"700e04cb-aa36-40e6-a87e-749d0e56d07f","ts":"2025-11-07T19:42:33.541-05:00","eventName":"n8n.node.started","message":"n8n.node.started","payload":{"workflowId":"F9MOsY9ig6xDqFOn","workflowName":"Telegram ventas","executionId":"48","nodeType":"n8n-nodes-base.telegramTrigger","nodeName":"Telegram Trigger","nodeId":"d8dad8de-bbff-4981-8299-ca61adb305d8"}}
{"__type":"$$EventMessageConfirm","confirm":"700e04cb-aa36-40e6-a87e-749d0e56d07f","ts":"2025-11-07T19:42:33.541-05:00","source":{"id":"0","name":"eventBus"}}
{"__type":"$$EventMessageNode","id":"68d53092-e673-4581-a1ec-4ce84b30ad46","ts":"2025-11-07T19:42:33.541-05:00","eventName":"n8n.node.finished","message":"n8n.node.finished","payload":{"workflowId":"F9MOsY9ig6xDqFOn","workflowName":"Telegram ventas","executionId":"48","nodeType":"n8n-nodes-base.telegramTrigger","nodeName":"Telegram Trigger","nodeId":"d8dad8de-bbff-4981-8299-ca61adb305d8"}}
{"__type":"$$EventMessageConfirm","confirm":"68d53092-e673-4581-a1ec-4ce84b30ad46","ts":"2025-11-07T19:42:33.541-05:00","source":{"id":"0","name":"eventBus"}}
{"__type":"$$EventMessageNode","id":"60e2a59c-1c03-48a4-85ee-eca885dbbf21","ts":"2025-11-07T19:42:33.541-05:00","eventName":"n8n.node.started","message":"n8n.node.started","payload":{"workflowId":"F9MOsY9ig6xDqFOn","workflowName":"Telegram ventas","executionId":"48","nodeType":"n8n-nodes-base.set","nodeName":"Edit Fields","nodeId":"0adcd2be-3121-4a7d-8bbf-4d85519b26da"}}
{"__type":"$$EventMessageConfirm","confirm":"60e2a59c-1c03-48a4-85ee-eca885dbbf21","ts":"2025-11-07T19:42:33.541-05:00","source":{"id":"0","name":"eventBus"}}
{"__type":"$$EventMessageNode","id":"72da9a27-febe-4a2d-875e-d7d3c0dc655a","ts":"2025-11-07T19:42:33.543-05:00","eventName":"n8n.node.finished","message":"n8n.node.finished","payload":{"workflowId":"F9MOsY9ig6xDqFOn","workflowName":"Telegram ventas","executionId":"48","nodeType":"n8n-nodes-base.set","nodeName":"Edit Fields","nodeId":"0adcd2be-3121-4a7d-8bbf-4d85519b26da"}}
{"__type":"$$EventMessageConfirm","confirm":"72da9a27-febe-4a2d-875e-d7d3c0dc655a","ts":"2025-11-07T19:42:33.543-05:00","source":{"id":"0","name":"eventBus"}}
{"__type":"$$EventMessageNode","id":"fff9f4b9-cf0b-43db-9e46-c5f8e26f53c1","ts":"2025-11-07T19:42:33.543-05:00","eventName":"n8n.node.started","message":"n8n.node.started","payload":{"workflowId":"F9MOsY9ig6xDqFOn","workflowName":"Telegram ventas","executionId":"48","nodeType":"n8n-nodes-base.code","nodeName":"Code in JavaScript","nodeId":"0b90cd4f-9ad6-4409-8f10-71283d02f19e"}}
{"__type":"$$EventMessageConfirm","confirm":"fff9f4b9-cf0b-43db-9e46-c5f8e26f53c1","ts":"2025-11-07T19:42:33.544-05:00","source":{"id":"0","name":"eventBus"}}
{"__type":"$$EventMessageNode","id":"d062146c-bcd7-42db-95a5-072ca7a2c204","ts":"2025-11-07T19:42:33.552-05:00","eventName":"n8n.node.finished","message":"n8n.node.finished","payload":{"workflowId":"F9MOsY9ig6xDqFOn","workflowName":"Telegram ventas","executionId":"48","nodeType":"n8n-nodes-base.code","nodeName":"Code in JavaScript","nodeId":"0b90cd4f-9ad6-4409-8f10-71283d02f19e"}}
{"__type":"$$EventMessageConfirm","confirm":"d062146c-bcd7-42db-95a5-072ca7a2c204","ts":"2025-11-07T19:42:33.552-05:00","source":{"id":"0","name":"eventBus"}}
{"__type":"$$EventMessageNode","id":"f63954a1-672a-4403-a7c4-976d04ca6bb6","ts":"2025-11-07T19:42:33.553-05:00","eventName":"n8n.node.started","message":"n8n.node.started","payload":{"workflowId":"F9MOsY9ig6xDqFOn","workflowName":"Telegram ventas","executionId":"48","nodeType":"n8n-nodes-base.googleSheets","nodeName":"Append row in sheet","nodeId":"8d6a918e-060e-4ed5-94a8-f9ca5b2e742f"}}
{"__type":"$$EventMessageConfirm","confirm":"f63954a1-672a-4403-a7c4-976d04ca6bb6","ts":"2025-11-07T19:42:33.553-05:00","source":{"id":"0","name":"eventBus"}}
{"__type":"$$EventMessageNode","id":"add8bb78-a75d-4be5-8859-ee4db77e9849","ts":"2025-11-07T19:42:35.445-05:00","eventName":"n8n.node.finished","message":"n8n.node.finished","payload":{"workflowId":"F9MOsY9ig6xDqFOn","workflowName":"Telegram ventas","executionId":"48","nodeType":"n8n-nodes-base.googleSheets","nodeName":"Append row in sheet","nodeId":"8d6a918e-060e-4ed5-94a8-f9ca5b2e742f"}}
{"__type":"$$EventMessageConfirm","confirm":"add8bb78-a75d-4be5-8859-ee4db77e9849","ts":"2025-11-07T19:42:35.445-05:00","source":{"id":"0","name":"eventBus"}}
{"__type":"$$EventMessageWorkflow","id":"acdeab7d-4194-4c02-a7ae-2d874bf80252","ts":"2025-11-07T19:42:35.445-05:00","eventName":"n8n.workflow.failed","message":"n8n.workflow.failed","payload":{"executionId":"48","success":false,"isManual":false,"workflowId":"F9MOsY9ig6xDqFOn","workflowName":"Telegram ventas","lastNodeExecuted":"Append row in sheet","errorNodeType":"n8n-nodes-base.googleSheets","errorMessage":"Could not retrieve the column data"}}
{"__type":"$$EventMessageConfirm","confirm":"acdeab7d-4194-4c02-a7ae-2d874bf80252","ts":"2025-11-07T19:42:35.445-05:00","source":{"id":"0","name":"eventBus"}}
{"__type":"$$EventMessageAudit","id":"cd0fadc8-4c85-4d2c-a902-3c9e1f0f0899","ts":"2025-11-07T19:45:02.249-05:00","eventName":"n8n.audit.workflow.updated","message":"n8n.audit.workflow.updated","payload":{"userId":"a847cc1d-d439-4c8d-ac02-192de4d567cd","_email":"fabianvillablanca97@gmail.com","_firstName":"Fabian","_lastName":"Villablanca","globalRole":"global:owner","workflowId":"F9MOsY9ig6xDqFOn","workflowName":"Telegram ventas"}}
{"__type":"$$EventMessageConfirm","confirm":"cd0fadc8-4c85-4d2c-a902-3c9e1f0f0899","ts":"2025-11-07T19:45:02.249-05:00","source":{"id":"0","name":"eventBus"}}
{"__type":"$$EventMessageAudit","id":"4ae3e44c-8800-4e57-bf3a-9d7814da056a","ts":"2025-11-07T19:45:07.357-05:00","eventName":"n8n.audit.workflow.updated","message":"n8n.audit.workflow.updated","payload":{"userId":"a847cc1d-d439-4c8d-ac02-192de4d567cd","_email":"fabianvillablanca97@gmail.com","_firstName":"Fabian","_lastName":"Villablanca","globalRole":"global:owner","workflowId":"F9MOsY9ig6xDqFOn","workflowName":"Telegram ventas"}}
{"__type":"$$EventMessageConfirm","confirm":"4ae3e44c-8800-4e57-bf3a-9d7814da056a","ts":"2025-11-07T19:45:07.357-05:00","source":{"id":"0","name":"eventBus"}}
{"__type":"$$EventMessageWorkflow","id":"50997491-e6f5-4d5c-a9b7-9920f2aa670a","ts":"2025-11-07T19:45:14.069-05:00","eventName":"n8n.workflow.started","message":"n8n.workflow.started","payload":{"executionId":"49","workflowId":"F9MOsY9ig6xDqFOn","isManual":false,"workflowName":"Telegram ventas"}}
{"__type":"$$EventMessageConfirm","confirm":"50997491-e6f5-4d5c-a9b7-9920f2aa670a","ts":"2025-11-07T19:45:14.069-05:00","source":{"id":"0","name":"eventBus"}}
{"__type":"$$EventMessageNode","id":"8e4b7c9b-0a9e-4781-baf3-182f9fbfd562","ts":"2025-11-07T19:45:14.069-05:00","eventName":"n8n.node.started","message":"n8n.node.started","payload":{"workflowId":"F9MOsY9ig6xDqFOn","workflowName":"Telegram ventas","executionId":"49","nodeType":"n8n-nodes-base.telegramTrigger","nodeName":"Telegram Trigger","nodeId":"d8dad8de-bbff-4981-8299-ca61adb305d8"}}
{"__type":"$$EventMessageConfirm","confirm":"8e4b7c9b-0a9e-4781-baf3-182f9fbfd562","ts":"2025-11-07T19:45:14.069-05:00","source":{"id":"0","name":"eventBus"}}
{"__type":"$$EventMessageNode","id":"ef050755-34b1-406c-b501-d3865be78e62","ts":"2025-11-07T19:45:14.069-05:00","eventName":"n8n.node.finished","message":"n8n.node.finished","payload":{"workflowId":"F9MOsY9ig6xDqFOn","workflowName":"Telegram ventas","executionId":"49","nodeType":"n8n-nodes-base.telegramTrigger","nodeName":"Telegram Trigger","nodeId":"d8dad8de-bbff-4981-8299-ca61adb305d8"}}
{"__type":"$$EventMessageConfirm","confirm":"ef050755-34b1-406c-b501-d3865be78e62","ts":"2025-11-07T19:45:14.069-05:00","source":{"id":"0","name":"eventBus"}}
{"__type":"$$EventMessageNode","id":"1e2150eb-973a-4cf0-8666-84ade2f7e8d7","ts":"2025-11-07T19:45:14.069-05:00","eventName":"n8n.node.started","message":"n8n.node.started","payload":{"workflowId":"F9MOsY9ig6xDqFOn","workflowName":"Telegram ventas","executionId":"49","nodeType":"n8n-nodes-base.set","nodeName":"Edit Fields","nodeId":"0adcd2be-3121-4a7d-8bbf-4d85519b26da"}}
{"__type":"$$EventMessageConfirm","confirm":"1e2150eb-973a-4cf0-8666-84ade2f7e8d7","ts":"2025-11-07T19:45:14.069-05:00","source":{"id":"0","name":"eventBus"}}
{"__type":"$$EventMessageNode","id":"d3dfd596-1062-4645-b96e-73d73d2fea52","ts":"2025-11-07T19:45:14.070-05:00","eventName":"n8n.node.finished","message":"n8n.node.finished","payload":{"workflowId":"F9MOsY9ig6xDqFOn","workflowName":"Telegram ventas","executionId":"49","nodeType":"n8n-nodes-base.set","nodeName":"Edit Fields","nodeId":"0adcd2be-3121-4a7d-8bbf-4d85519b26da"}}
{"__type":"$$EventMessageConfirm","confirm":"d3dfd596-1062-4645-b96e-73d73d2fea52","ts":"2025-11-07T19:45:14.070-05:00","source":{"id":"0","name":"eventBus"}}
{"__type":"$$EventMessageNode","id":"eb6f7d57-4f25-42ac-9648-2d546d6a703b","ts":"2025-11-07T19:45:14.071-05:00","eventName":"n8n.node.started","message":"n8n.node.started","payload":{"workflowId":"F9MOsY9ig6xDqFOn","workflowName":"Telegram ventas","executionId":"49","nodeType":"n8n-nodes-base.code","nodeName":"Code in JavaScript","nodeId":"0b90cd4f-9ad6-4409-8f10-71283d02f19e"}}
{"__type":"$$EventMessageConfirm","confirm":"eb6f7d57-4f25-42ac-9648-2d546d6a703b","ts":"2025-11-07T19:45:14.071-05:00","source":{"id":"0","name":"eventBus"}}
{"__type":"$$EventMessageNode","id":"6d9e77f6-4ff9-4b4a-a106-ad6e5e9267fb","ts":"2025-11-07T19:45:14.077-05:00","eventName":"n8n.node.finished","message":"n8n.node.finished","payload":{"workflowId":"F9MOsY9ig6xDqFOn","workflowName":"Telegram ventas","executionId":"49","nodeType":"n8n-nodes-base.code","nodeName":"Code in JavaScript","nodeId":"0b90cd4f-9ad6-4409-8f10-71283d02f19e"}}
{"__type":"$$EventMessageConfirm","confirm":"6d9e77f6-4ff9-4b4a-a106-ad6e5e9267fb","ts":"2025-11-07T19:45:14.078-05:00","source":{"id":"0","name":"eventBus"}}
{"__type":"$$EventMessageNode","id":"28a9a5eb-901c-4d41-94ec-a1ae5864bb8a","ts":"2025-11-07T19:45:14.078-05:00","eventName":"n8n.node.started","message":"n8n.node.started","payload":{"workflowId":"F9MOsY9ig6xDqFOn","workflowName":"Telegram ventas","executionId":"49","nodeType":"n8n-nodes-base.googleSheets","nodeName":"Append row in sheet","nodeId":"8d6a918e-060e-4ed5-94a8-f9ca5b2e742f"}}
{"__type":"$$EventMessageConfirm","confirm":"28a9a5eb-901c-4d41-94ec-a1ae5864bb8a","ts":"2025-11-07T19:45:14.078-05:00","source":{"id":"0","name":"eventBus"}}
{"__type":"$$EventMessageNode","id":"bf99233f-9e11-4ae3-87e4-0a1fe7d163e6","ts":"2025-11-07T19:45:16.125-05:00","eventName":"n8n.node.finished","message":"n8n.node.finished","payload":{"workflowId":"F9MOsY9ig6xDqFOn","workflowName":"Telegram ventas","executionId":"49","nodeType":"n8n-nodes-base.googleSheets","nodeName":"Append row in sheet","nodeId":"8d6a918e-060e-4ed5-94a8-f9ca5b2e742f"}}
{"__type":"$$EventMessageConfirm","confirm":"bf99233f-9e11-4ae3-87e4-0a1fe7d163e6","ts":"2025-11-07T19:45:16.125-05:00","source":{"id":"0","name":"eventBus"}}
{"__type":"$$EventMessageWorkflow","id":"b4b7967c-9b90-4089-ba83-e4e2eed096ef","ts":"2025-11-07T19:45:16.126-05:00","eventName":"n8n.workflow.failed","message":"n8n.workflow.failed","payload":{"executionId":"49","success":false,"isManual":false,"workflowId":"F9MOsY9ig6xDqFOn","workflowName":"Telegram ventas","lastNodeExecuted":"Append row in sheet","errorNodeType":"n8n-nodes-base.googleSheets","errorMessage":"Could not retrieve the column data"}}
{"__type":"$$EventMessageConfirm","confirm":"b4b7967c-9b90-4089-ba83-e4e2eed096ef","ts":"2025-11-07T19:45:16.126-05:00","source":{"id":"0","name":"eventBus"}}
{"__type":"$$EventMessageAudit","id":"429fccbc-8456-49d7-b2a1-f95f3b5b957c","ts":"2025-11-07T19:45:24.341-05:00","eventName":"n8n.audit.workflow.updated","message":"n8n.audit.workflow.updated","payload":{"userId":"a847cc1d-d439-4c8d-ac02-192de4d567cd","_email":"fabianvillablanca97@gmail.com","_firstName":"Fabian","_lastName":"Villablanca","globalRole":"global:owner","workflowId":"F9MOsY9ig6xDqFOn","workflowName":"Telegram ventas"}}
{"__type":"$$EventMessageConfirm","confirm":"429fccbc-8456-49d7-b2a1-f95f3b5b957c","ts":"2025-11-07T19:45:24.341-05:00","source":{"id":"0","name":"eventBus"}}
{"__type":"$$EventMessageWorkflow","id":"3feee5e5-6887-46cd-8cd9-7cd6d0d37429","ts":"2025-11-07T19:45:33.710-05:00","eventName":"n8n.workflow.started","message":"n8n.workflow.started","payload":{"executionId":"50","workflowId":"F9MOsY9ig6xDqFOn","isManual":false,"workflowName":"Telegram ventas"}}
{"__type":"$$EventMessageConfirm","confirm":"3feee5e5-6887-46cd-8cd9-7cd6d0d37429","ts":"2025-11-07T19:45:33.710-05:00","source":{"id":"0","name":"eventBus"}}
{"__type":"$$EventMessageNode","id":"543ae9c2-2313-4a07-8d14-0f2869bbc3e0","ts":"2025-11-07T19:45:33.711-05:00","eventName":"n8n.node.started","message":"n8n.node.started","payload":{"workflowId":"F9MOsY9ig6xDqFOn","workflowName":"Telegram ventas","executionId":"50","nodeType":"n8n-nodes-base.telegramTrigger","nodeName":"Telegram Trigger","nodeId":"d8dad8de-bbff-4981-8299-ca61adb305d8"}}
{"__type":"$$EventMessageConfirm","confirm":"543ae9c2-2313-4a07-8d14-0f2869bbc3e0","ts":"2025-11-07T19:45:33.711-05:00","source":{"id":"0","name":"eventBus"}}
{"__type":"$$EventMessageNode","id":"850db8d6-bde2-4f47-9405-248a3a0755be","ts":"2025-11-07T19:45:33.712-05:00","eventName":"n8n.node.finished","message":"n8n.node.finished","payload":{"workflowId":"F9MOsY9ig6xDqFOn","workflowName":"Telegram ventas","executionId":"50","nodeType":"n8n-nodes-base.telegramTrigger","nodeName":"Telegram Trigger","nodeId":"d8dad8de-bbff-4981-8299-ca61adb305d8"}}
{"__type":"$$EventMessageConfirm","confirm":"850db8d6-bde2-4f47-9405-248a3a0755be","ts":"2025-11-07T19:45:33.712-05:00","source":{"id":"0","name":"eventBus"}}
{"__type":"$$EventMessageNode","id":"53cfa36f-8dcd-4959-95de-02117afa6236","ts":"2025-11-07T19:45:33.713-05:00","eventName":"n8n.node.started","message":"n8n.node.started","payload":{"workflowId":"F9MOsY9ig6xDqFOn","workflowName":"Telegram ventas","executionId":"50","nodeType":"n8n-nodes-base.set","nodeName":"Edit Fields","nodeId":"0adcd2be-3121-4a7d-8bbf-4d85519b26da"}}
{"__type":"$$EventMessageConfirm","confirm":"53cfa36f-8dcd-4959-95de-02117afa6236","ts":"2025-11-07T19:45:33.713-05:00","source":{"id":"0","name":"eventBus"}}
{"__type":"$$EventMessageNode","id":"22861614-ccac-466b-8867-1a6fb1af2049","ts":"2025-11-07T19:45:33.716-05:00","eventName":"n8n.node.finished","message":"n8n.node.finished","payload":{"workflowId":"F9MOsY9ig6xDqFOn","workflowName":"Telegram ventas","executionId":"50","nodeType":"n8n-nodes-base.set","nodeName":"Edit Fields","nodeId":"0adcd2be-3121-4a7d-8bbf-4d85519b26da"}}
{"__type":"$$EventMessageConfirm","confirm":"22861614-ccac-466b-8867-1a6fb1af2049","ts":"2025-11-07T19:45:33.716-05:00","source":{"id":"0","name":"eventBus"}}
{"__type":"$$EventMessageNode","id":"74ff36a7-e9b2-49cf-8d2b-612cebeedc9a","ts":"2025-11-07T19:45:33.717-05:00","eventName":"n8n.node.started","message":"n8n.node.started","payload":{"workflowId":"F9MOsY9ig6xDqFOn","workflowName":"Telegram ventas","executionId":"50","nodeType":"n8n-nodes-base.code","nodeName":"Code in JavaScript","nodeId":"0b90cd4f-9ad6-4409-8f10-71283d02f19e"}}
{"__type":"$$EventMessageConfirm","confirm":"74ff36a7-e9b2-49cf-8d2b-612cebeedc9a","ts":"2025-11-07T19:45:33.717-05:00","source":{"id":"0","name":"eventBus"}}
{"__type":"$$EventMessageNode","id":"452e46fb-5136-4f51-bd70-63f42baff118","ts":"2025-11-07T19:45:33.732-05:00","eventName":"n8n.node.finished","message":"n8n.node.finished","payload":{"workflowId":"F9MOsY9ig6xDqFOn","workflowName":"Telegram ventas","executionId":"50","nodeType":"n8n-nodes-base.code","nodeName":"Code in JavaScript","nodeId":"0b90cd4f-9ad6-4409-8f10-71283d02f19e"}}
{"__type":"$$EventMessageConfirm","confirm":"452e46fb-5136-4f51-bd70-63f42baff118","ts":"2025-11-07T19:45:33.733-05:00","source":{"id":"0","name":"eventBus"}}
{"__type":"$$EventMessageNode","id":"6bb76640-6f53-4ddf-add4-909039995222","ts":"2025-11-07T19:45:33.733-05:00","eventName":"n8n.node.started","message":"n8n.node.started","payload":{"workflowId":"F9MOsY9ig6xDqFOn","workflowName":"Telegram ventas","executionId":"50","nodeType":"n8n-nodes-base.googleSheets","nodeName":"Append row in sheet","nodeId":"8d6a918e-060e-4ed5-94a8-f9ca5b2e742f"}}
{"__type":"$$EventMessageConfirm","confirm":"6bb76640-6f53-4ddf-add4-909039995222","ts":"2025-11-07T19:45:33.734-05:00","source":{"id":"0","name":"eventBus"}}
{"__type":"$$EventMessageNode","id":"23c5f58a-1a35-4ff2-a5cd-16e97cc3b705","ts":"2025-11-07T19:45:35.824-05:00","eventName":"n8n.node.finished","message":"n8n.node.finished","payload":{"workflowId":"F9MOsY9ig6xDqFOn","workflowName":"Telegram ventas","executionId":"50","nodeType":"n8n-nodes-base.googleSheets","nodeName":"Append row in sheet","nodeId":"8d6a918e-060e-4ed5-94a8-f9ca5b2e742f"}}
{"__type":"$$EventMessageConfirm","confirm":"23c5f58a-1a35-4ff2-a5cd-16e97cc3b705","ts":"2025-11-07T19:45:35.824-05:00","source":{"id":"0","name":"eventBus"}}
{"__type":"$$EventMessageWorkflow","id":"16e4c636-3c0f-45c8-a426-f4c7dce521f2","ts":"2025-11-07T19:45:35.827-05:00","eventName":"n8n.workflow.failed","message":"n8n.workflow.failed","payload":{"executionId":"50","success":false,"isManual":true,"workflowId":"F9MOsY9ig6xDqFOn","workflowName":"Telegram ventas","lastNodeExecuted":"Append row in sheet","errorNodeType":"n8n-nodes-base.googleSheets","errorMessage":"Could not retrieve the column data"}}
{"__type":"$$EventMessageConfirm","confirm":"16e4c636-3c0f-45c8-a426-f4c7dce521f2","ts":"2025-11-07T19:45:35.827-05:00","source":{"id":"0","name":"eventBus"}}
{"__type":"$$EventMessageWorkflow","id":"3577bf1b-841b-4013-ac73-6bd78662ac23","ts":"2025-11-07T19:49:29.755-05:00","eventName":"n8n.workflow.started","message":"n8n.workflow.started","payload":{"executionId":"51","workflowId":"F9MOsY9ig6xDqFOn","isManual":false,"workflowName":"Telegram ventas"}}
{"__type":"$$EventMessageConfirm","confirm":"3577bf1b-841b-4013-ac73-6bd78662ac23","ts":"2025-11-07T19:49:29.755-05:00","source":{"id":"0","name":"eventBus"}}
{"__type":"$$EventMessageNode","id":"33b5d94c-2072-49aa-96d8-c103977372cb","ts":"2025-11-07T19:49:29.756-05:00","eventName":"n8n.node.started","message":"n8n.node.started","payload":{"workflowId":"F9MOsY9ig6xDqFOn","workflowName":"Telegram ventas","executionId":"51","nodeType":"n8n-nodes-base.googleSheets","nodeName":"Append row in sheet","nodeId":"8d6a918e-060e-4ed5-94a8-f9ca5b2e742f"}}
{"__type":"$$EventMessageConfirm","confirm":"33b5d94c-2072-49aa-96d8-c103977372cb","ts":"2025-11-07T19:49:29.756-05:00","source":{"id":"0","name":"eventBus"}}
{"__type":"$$EventMessageNode","id":"45beb7c1-0751-4cc4-9db6-c4c7b594aa28","ts":"2025-11-07T19:49:32.069-05:00","eventName":"n8n.node.finished","message":"n8n.node.finished","payload":{"workflowId":"F9MOsY9ig6xDqFOn","workflowName":"Telegram ventas","executionId":"51","nodeType":"n8n-nodes-base.googleSheets","nodeName":"Append row in sheet","nodeId":"8d6a918e-060e-4ed5-94a8-f9ca5b2e742f"}}
{"__type":"$$EventMessageConfirm","confirm":"45beb7c1-0751-4cc4-9db6-c4c7b594aa28","ts":"2025-11-07T19:49:32.069-05:00","source":{"id":"0","name":"eventBus"}}
{"__type":"$$EventMessageWorkflow","id":"58349f94-7b9e-414e-a307-6828db31dd3e","ts":"2025-11-07T19:49:32.072-05:00","eventName":"n8n.workflow.success","message":"n8n.workflow.success","payload":{"userId":"a847cc1d-d439-4c8d-ac02-192de4d567cd","executionId":"51","success":true,"isManual":true,"workflowId":"F9MOsY9ig6xDqFOn","workflowName":"Telegram ventas"}}
{"__type":"$$EventMessageConfirm","confirm":"58349f94-7b9e-414e-a307-6828db31dd3e","ts":"2025-11-07T19:49:32.072-05:00","source":{"id":"0","name":"eventBus"}}
{"__type":"$$EventMessageWorkflow","id":"30d9efea-02c3-4472-bb0b-420e3b4738b7","ts":"2025-11-07T19:55:33.885-05:00","eventName":"n8n.workflow.started","message":"n8n.workflow.started","payload":{"executionId":"52","workflowId":"F9MOsY9ig6xDqFOn","isManual":false,"workflowName":"Telegram ventas"}}
{"__type":"$$EventMessageConfirm","confirm":"30d9efea-02c3-4472-bb0b-420e3b4738b7","ts":"2025-11-07T19:55:33.885-05:00","source":{"id":"0","name":"eventBus"}}
{"__type":"$$EventMessageNode","id":"55336cf8-74be-4a08-aa02-47444ae104fe","ts":"2025-11-07T19:55:33.886-05:00","eventName":"n8n.node.started","message":"n8n.node.started","payload":{"workflowId":"F9MOsY9ig6xDqFOn","workflowName":"Telegram ventas","executionId":"52","nodeType":"n8n-nodes-base.googleSheets","nodeName":"Append row in sheet","nodeId":"8d6a918e-060e-4ed5-94a8-f9ca5b2e742f"}}
{"__type":"$$EventMessageConfirm","confirm":"55336cf8-74be-4a08-aa02-47444ae104fe","ts":"2025-11-07T19:55:33.886-05:00","source":{"id":"0","name":"eventBus"}}
{"__type":"$$EventMessageNode","id":"66891c52-3a93-459f-b8a5-3ca32e525ea3","ts":"2025-11-07T19:55:36.783-05:00","eventName":"n8n.node.finished","message":"n8n.node.finished","payload":{"workflowId":"F9MOsY9ig6xDqFOn","workflowName":"Telegram ventas","executionId":"52","nodeType":"n8n-nodes-base.googleSheets","nodeName":"Append row in sheet","nodeId":"8d6a918e-060e-4ed5-94a8-f9ca5b2e742f"}}
{"__type":"$$EventMessageConfirm","confirm":"66891c52-3a93-459f-b8a5-3ca32e525ea3","ts":"2025-11-07T19:55:36.783-05:00","source":{"id":"0","name":"eventBus"}}
{"__type":"$$EventMessageWorkflow","id":"c21fa09c-ab9a-4e6a-8e13-2ba252230333","ts":"2025-11-07T19:55:36.786-05:00","eventName":"n8n.workflow.success","message":"n8n.workflow.success","payload":{"userId":"a847cc1d-d439-4c8d-ac02-192de4d567cd","executionId":"52","success":true,"isManual":true,"workflowId":"F9MOsY9ig6xDqFOn","workflowName":"Telegram ventas"}}
{"__type":"$$EventMessageConfirm","confirm":"c21fa09c-ab9a-4e6a-8e13-2ba252230333","ts":"2025-11-07T19:55:36.786-05:00","source":{"id":"0","name":"eventBus"}}
{"__type":"$$EventMessageAudit","id":"0cd2797e-9941-44d2-babd-44d9437100a5","ts":"2025-11-07T19:55:47.948-05:00","eventName":"n8n.audit.workflow.updated","message":"n8n.audit.workflow.updated","payload":{"userId":"a847cc1d-d439-4c8d-ac02-192de4d567cd","_email":"fabianvillablanca97@gmail.com","_firstName":"Fabian","_lastName":"Villablanca","globalRole":"global:owner","workflowId":"F9MOsY9ig6xDqFOn","workflowName":"Telegram ventas"}}
{"__type":"$$EventMessageConfirm","confirm":"0cd2797e-9941-44d2-babd-44d9437100a5","ts":"2025-11-07T19:55:47.948-05:00","source":{"id":"0","name":"eventBus"}}
{"__type":"$$EventMessageWorkflow","id":"66eb09fc-464e-4afb-bd17-a4e8fcea8848","ts":"2025-11-07T19:55:50.326-05:00","eventName":"n8n.workflow.started","message":"n8n.workflow.started","payload":{"executionId":"53","workflowId":"F9MOsY9ig6xDqFOn","isManual":false,"workflowName":"Telegram ventas"}}
{"__type":"$$EventMessageConfirm","confirm":"66eb09fc-464e-4afb-bd17-a4e8fcea8848","ts":"2025-11-07T19:55:50.326-05:00","source":{"id":"0","name":"eventBus"}}
{"__type":"$$EventMessageNode","id":"6684f9e1-50bf-4584-aaf4-8e3ecf603694","ts":"2025-11-07T19:55:50.326-05:00","eventName":"n8n.node.started","message":"n8n.node.started","payload":{"workflowId":"F9MOsY9ig6xDqFOn","workflowName":"Telegram ventas","executionId":"53","nodeType":"n8n-nodes-base.telegramTrigger","nodeName":"Telegram Trigger","nodeId":"d8dad8de-bbff-4981-8299-ca61adb305d8"}}
{"__type":"$$EventMessageConfirm","confirm":"6684f9e1-50bf-4584-aaf4-8e3ecf603694","ts":"2025-11-07T19:55:50.326-05:00","source":{"id":"0","name":"eventBus"}}
{"__type":"$$EventMessageNode","id":"39f6f596-9f68-4ca5-8b83-19eb0ce04999","ts":"2025-11-07T19:55:50.327-05:00","eventName":"n8n.node.finished","message":"n8n.node.finished","payload":{"workflowId":"F9MOsY9ig6xDqFOn","workflowName":"Telegram ventas","executionId":"53","nodeType":"n8n-nodes-base.telegramTrigger","nodeName":"Telegram Trigger","nodeId":"d8dad8de-bbff-4981-8299-ca61adb305d8"}}
{"__type":"$$EventMessageConfirm","confirm":"39f6f596-9f68-4ca5-8b83-19eb0ce04999","ts":"2025-11-07T19:55:50.327-05:00","source":{"id":"0","name":"eventBus"}}
{"__type":"$$EventMessageNode","id":"f2699d1b-6bc2-4b42-a9d8-60f37e43d98e","ts":"2025-11-07T19:55:50.327-05:00","eventName":"n8n.node.started","message":"n8n.node.started","payload":{"workflowId":"F9MOsY9ig6xDqFOn","workflowName":"Telegram ventas","executionId":"53","nodeType":"n8n-nodes-base.set","nodeName":"Edit Fields","nodeId":"0adcd2be-3121-4a7d-8bbf-4d85519b26da"}}
{"__type":"$$EventMessageConfirm","confirm":"f2699d1b-6bc2-4b42-a9d8-60f37e43d98e","ts":"2025-11-07T19:55:50.327-05:00","source":{"id":"0","name":"eventBus"}}
{"__type":"$$EventMessageNode","id":"ee061daa-942d-4fb1-b1ea-f3fc8e80498e","ts":"2025-11-07T19:55:50.328-05:00","eventName":"n8n.node.finished","message":"n8n.node.finished","payload":{"workflowId":"F9MOsY9ig6xDqFOn","workflowName":"Telegram ventas","executionId":"53","nodeType":"n8n-nodes-base.set","nodeName":"Edit Fields","nodeId":"0adcd2be-3121-4a7d-8bbf-4d85519b26da"}}
{"__type":"$$EventMessageConfirm","confirm":"ee061daa-942d-4fb1-b1ea-f3fc8e80498e","ts":"2025-11-07T19:55:50.333-05:00","source":{"id":"0","name":"eventBus"}}
{"__type":"$$EventMessageNode","id":"53903ea1-1f27-4a47-9158-d2dcde9e0348","ts":"2025-11-07T19:55:50.334-05:00","eventName":"n8n.node.started","message":"n8n.node.started","payload":{"workflowId":"F9MOsY9ig6xDqFOn","workflowName":"Telegram ventas","executionId":"53","nodeType":"n8n-nodes-base.code","nodeName":"Code in JavaScript","nodeId":"0b90cd4f-9ad6-4409-8f10-71283d02f19e"}}
{"__type":"$$EventMessageConfirm","confirm":"53903ea1-1f27-4a47-9158-d2dcde9e0348","ts":"2025-11-07T19:55:50.334-05:00","source":{"id":"0","name":"eventBus"}}
{"__type":"$$EventMessageNode","id":"bc59d609-7952-4e6b-9430-ecc500cd65a6","ts":"2025-11-07T19:55:50.350-05:00","eventName":"n8n.node.finished","message":"n8n.node.finished","payload":{"workflowId":"F9MOsY9ig6xDqFOn","workflowName":"Telegram ventas","executionId":"53","nodeType":"n8n-nodes-base.code","nodeName":"Code in JavaScript","nodeId":"0b90cd4f-9ad6-4409-8f10-71283d02f19e"}}
{"__type":"$$EventMessageConfirm","confirm":"bc59d609-7952-4e6b-9430-ecc500cd65a6","ts":"2025-11-07T19:55:50.350-05:00","source":{"id":"0","name":"eventBus"}}
{"__type":"$$EventMessageNode","id":"d593f507-e247-484c-a066-312f804e13d7","ts":"2025-11-07T19:55:50.350-05:00","eventName":"n8n.node.started","message":"n8n.node.started","payload":{"workflowId":"F9MOsY9ig6xDqFOn","workflowName":"Telegram ventas","executionId":"53","nodeType":"n8n-nodes-base.googleSheets","nodeName":"Append row in sheet","nodeId":"8d6a918e-060e-4ed5-94a8-f9ca5b2e742f"}}
{"__type":"$$EventMessageConfirm","confirm":"d593f507-e247-484c-a066-312f804e13d7","ts":"2025-11-07T19:55:50.350-05:00","source":{"id":"0","name":"eventBus"}}
{"__type":"$$EventMessageNode","id":"24842c4c-9c25-4000-a990-03d404fa1b8e","ts":"2025-11-07T19:55:53.004-05:00","eventName":"n8n.node.finished","message":"n8n.node.finished","payload":{"workflowId":"F9MOsY9ig6xDqFOn","workflowName":"Telegram ventas","executionId":"53","nodeType":"n8n-nodes-base.googleSheets","nodeName":"Append row in sheet","nodeId":"8d6a918e-060e-4ed5-94a8-f9ca5b2e742f"}}
{"__type":"$$EventMessageConfirm","confirm":"24842c4c-9c25-4000-a990-03d404fa1b8e","ts":"2025-11-07T19:55:53.004-05:00","source":{"id":"0","name":"eventBus"}}
{"__type":"$$EventMessageWorkflow","id":"8591b938-0394-4607-b7f2-12c171fde6c2","ts":"2025-11-07T19:55:53.004-05:00","eventName":"n8n.workflow.success","message":"n8n.workflow.success","payload":{"executionId":"53","success":true,"isManual":false,"workflowId":"F9MOsY9ig6xDqFOn","workflowName":"Telegram ventas"}}
{"__type":"$$EventMessageConfirm","confirm":"8591b938-0394-4607-b7f2-12c171fde6c2","ts":"2025-11-07T19:55:53.004-05:00","source":{"id":"0","name":"eventBus"}}
{"__type":"$$EventMessageWorkflow","id":"5fca5785-df63-48f6-ba65-2abee233be59","ts":"2025-11-07T19:57:59.397-05:00","eventName":"n8n.workflow.started","message":"n8n.workflow.started","payload":{"executionId":"54","workflowId":"F9MOsY9ig6xDqFOn","isManual":false,"workflowName":"Telegram ventas"}}
{"__type":"$$EventMessageConfirm","confirm":"5fca5785-df63-48f6-ba65-2abee233be59","ts":"2025-11-07T19:57:59.397-05:00","source":{"id":"0","name":"eventBus"}}
{"__type":"$$EventMessageNode","id":"b7d6aa36-5291-448d-85e0-9049ede6244d","ts":"2025-11-07T19:57:59.397-05:00","eventName":"n8n.node.started","message":"n8n.node.started","payload":{"workflowId":"F9MOsY9ig6xDqFOn","workflowName":"Telegram ventas","executionId":"54","nodeType":"n8n-nodes-base.telegramTrigger","nodeName":"Telegram Trigger","nodeId":"d8dad8de-bbff-4981-8299-ca61adb305d8"}}
{"__type":"$$EventMessageConfirm","confirm":"b7d6aa36-5291-448d-85e0-9049ede6244d","ts":"2025-11-07T19:57:59.397-05:00","source":{"id":"0","name":"eventBus"}}
{"__type":"$$EventMessageNode","id":"d996dd3d-d134-43cf-9742-94c1826d6bf9","ts":"2025-11-07T19:57:59.398-05:00","eventName":"n8n.node.finished","message":"n8n.node.finished","payload":{"workflowId":"F9MOsY9ig6xDqFOn","workflowName":"Telegram ventas","executionId":"54","nodeType":"n8n-nodes-base.telegramTrigger","nodeName":"Telegram Trigger","nodeId":"d8dad8de-bbff-4981-8299-ca61adb305d8"}}
{"__type":"$$EventMessageConfirm","confirm":"d996dd3d-d134-43cf-9742-94c1826d6bf9","ts":"2025-11-07T19:57:59.398-05:00","source":{"id":"0","name":"eventBus"}}
{"__type":"$$EventMessageNode","id":"fd3e6630-9af3-443e-a6f0-4a2e62918817","ts":"2025-11-07T19:57:59.398-05:00","eventName":"n8n.node.started","message":"n8n.node.started","payload":{"workflowId":"F9MOsY9ig6xDqFOn","workflowName":"Telegram ventas","executionId":"54","nodeType":"n8n-nodes-base.set","nodeName":"Edit Fields","nodeId":"0adcd2be-3121-4a7d-8bbf-4d85519b26da"}}
{"__type":"$$EventMessageConfirm","confirm":"fd3e6630-9af3-443e-a6f0-4a2e62918817","ts":"2025-11-07T19:57:59.398-05:00","source":{"id":"0","name":"eventBus"}}
{"__type":"$$EventMessageNode","id":"31ab76a7-045a-4651-81bd-10ffd69471f8","ts":"2025-11-07T19:57:59.399-05:00","eventName":"n8n.node.finished","message":"n8n.node.finished","payload":{"workflowId":"F9MOsY9ig6xDqFOn","workflowName":"Telegram ventas","executionId":"54","nodeType":"n8n-nodes-base.set","nodeName":"Edit Fields","nodeId":"0adcd2be-3121-4a7d-8bbf-4d85519b26da"}}
{"__type":"$$EventMessageConfirm","confirm":"31ab76a7-045a-4651-81bd-10ffd69471f8","ts":"2025-11-07T19:57:59.399-05:00","source":{"id":"0","name":"eventBus"}}
{"__type":"$$EventMessageNode","id":"4f46187a-bfc6-49d1-8275-9a29b5d6561d","ts":"2025-11-07T19:57:59.399-05:00","eventName":"n8n.node.started","message":"n8n.node.started","payload":{"workflowId":"F9MOsY9ig6xDqFOn","workflowName":"Telegram ventas","executionId":"54","nodeType":"n8n-nodes-base.code","nodeName":"Code in JavaScript","nodeId":"0b90cd4f-9ad6-4409-8f10-71283d02f19e"}}
{"__type":"$$EventMessageConfirm","confirm":"4f46187a-bfc6-49d1-8275-9a29b5d6561d","ts":"2025-11-07T19:57:59.399-05:00","source":{"id":"0","name":"eventBus"}}
{"__type":"$$EventMessageNode","id":"906f4e8f-7665-4d2a-9034-0c44abbe34c6","ts":"2025-11-07T19:57:59.418-05:00","eventName":"n8n.node.finished","message":"n8n.node.finished","payload":{"workflowId":"F9MOsY9ig6xDqFOn","workflowName":"Telegram ventas","executionId":"54","nodeType":"n8n-nodes-base.code","nodeName":"Code in JavaScript","nodeId":"0b90cd4f-9ad6-4409-8f10-71283d02f19e"}}
{"__type":"$$EventMessageConfirm","confirm":"906f4e8f-7665-4d2a-9034-0c44abbe34c6","ts":"2025-11-07T19:57:59.418-05:00","source":{"id":"0","name":"eventBus"}}
{"__type":"$$EventMessageNode","id":"ea7f80fc-bcd5-4d31-897c-d6b0c9149f85","ts":"2025-11-07T19:57:59.419-05:00","eventName":"n8n.node.started","message":"n8n.node.started","payload":{"workflowId":"F9MOsY9ig6xDqFOn","workflowName":"Telegram ventas","executionId":"54","nodeType":"n8n-nodes-base.googleSheets","nodeName":"Append row in sheet","nodeId":"8d6a918e-060e-4ed5-94a8-f9ca5b2e742f"}}
{"__type":"$$EventMessageConfirm","confirm":"ea7f80fc-bcd5-4d31-897c-d6b0c9149f85","ts":"2025-11-07T19:57:59.419-05:00","source":{"id":"0","name":"eventBus"}}
{"__type":"$$EventMessageNode","id":"c0cdd509-6eb0-4b5d-bfb8-20700ca51cc8","ts":"2025-11-07T19:58:01.781-05:00","eventName":"n8n.node.finished","message":"n8n.node.finished","payload":{"workflowId":"F9MOsY9ig6xDqFOn","workflowName":"Telegram ventas","executionId":"54","nodeType":"n8n-nodes-base.googleSheets","nodeName":"Append row in sheet","nodeId":"8d6a918e-060e-4ed5-94a8-f9ca5b2e742f"}}
{"__type":"$$EventMessageConfirm","confirm":"c0cdd509-6eb0-4b5d-bfb8-20700ca51cc8","ts":"2025-11-07T19:58:01.781-05:00","source":{"id":"0","name":"eventBus"}}
{"__type":"$$EventMessageWorkflow","id":"b1efd4a5-edb5-4a71-b782-b64f03209404","ts":"2025-11-07T19:58:01.781-05:00","eventName":"n8n.workflow.success","message":"n8n.workflow.success","payload":{"executionId":"54","success":true,"isManual":false,"workflowId":"F9MOsY9ig6xDqFOn","workflowName":"Telegram ventas"}}
{"__type":"$$EventMessageConfirm","confirm":"b1efd4a5-edb5-4a71-b782-b64f03209404","ts":"2025-11-07T19:58:01.781-05:00","source":{"id":"0","name":"eventBus"}}
{"__type":"$$EventMessageWorkflow","id":"e7dd1e6e-c83e-4365-868f-3ef50b14697e","ts":"2025-11-07T19:59:08.288-05:00","eventName":"n8n.workflow.started","message":"n8n.workflow.started","payload":{"executionId":"55","workflowId":"F9MOsY9ig6xDqFOn","isManual":false,"workflowName":"Telegram ventas"}}
{"__type":"$$EventMessageConfirm","confirm":"e7dd1e6e-c83e-4365-868f-3ef50b14697e","ts":"2025-11-07T19:59:08.288-05:00","source":{"id":"0","name":"eventBus"}}
{"__type":"$$EventMessageNode","id":"9c7880fe-ad22-4f02-9b82-19d399da2031","ts":"2025-11-07T19:59:08.288-05:00","eventName":"n8n.node.started","message":"n8n.node.started","payload":{"workflowId":"F9MOsY9ig6xDqFOn","workflowName":"Telegram ventas","executionId":"55","nodeType":"n8n-nodes-base.telegramTrigger","nodeName":"Telegram Trigger","nodeId":"d8dad8de-bbff-4981-8299-ca61adb305d8"}}
{"__type":"$$EventMessageConfirm","confirm":"9c7880fe-ad22-4f02-9b82-19d399da2031","ts":"2025-11-07T19:59:08.288-05:00","source":{"id":"0","name":"eventBus"}}
{"__type":"$$EventMessageNode","id":"26d063ee-ded5-4462-ac20-faaed5fdfba2","ts":"2025-11-07T19:59:08.288-05:00","eventName":"n8n.node.finished","message":"n8n.node.finished","payload":{"workflowId":"F9MOsY9ig6xDqFOn","workflowName":"Telegram ventas","executionId":"55","nodeType":"n8n-nodes-base.telegramTrigger","nodeName":"Telegram Trigger","nodeId":"d8dad8de-bbff-4981-8299-ca61adb305d8"}}
{"__type":"$$EventMessageConfirm","confirm":"26d063ee-ded5-4462-ac20-faaed5fdfba2","ts":"2025-11-07T19:59:08.288-05:00","source":{"id":"0","name":"eventBus"}}
{"__type":"$$EventMessageNode","id":"98cf3575-9b7c-4c50-b553-1e1e2f2a0c11","ts":"2025-11-07T19:59:08.288-05:00","eventName":"n8n.node.started","message":"n8n.node.started","payload":{"workflowId":"F9MOsY9ig6xDqFOn","workflowName":"Telegram ventas","executionId":"55","nodeType":"n8n-nodes-base.set","nodeName":"Edit Fields","nodeId":"0adcd2be-3121-4a7d-8bbf-4d85519b26da"}}
{"__type":"$$EventMessageConfirm","confirm":"98cf3575-9b7c-4c50-b553-1e1e2f2a0c11","ts":"2025-11-07T19:59:08.289-05:00","source":{"id":"0","name":"eventBus"}}
{"__type":"$$EventMessageNode","id":"2aa0cf7f-cf62-470a-82ee-b9b234cc7d12","ts":"2025-11-07T19:59:08.290-05:00","eventName":"n8n.node.finished","message":"n8n.node.finished","payload":{"workflowId":"F9MOsY9ig6xDqFOn","workflowName":"Telegram ventas","executionId":"55","nodeType":"n8n-nodes-base.set","nodeName":"Edit Fields","nodeId":"0adcd2be-3121-4a7d-8bbf-4d85519b26da"}}
{"__type":"$$EventMessageConfirm","confirm":"2aa0cf7f-cf62-470a-82ee-b9b234cc7d12","ts":"2025-11-07T19:59:08.290-05:00","source":{"id":"0","name":"eventBus"}}
{"__type":"$$EventMessageNode","id":"e38a9187-6c0c-4537-8b6f-75f92023d2a9","ts":"2025-11-07T19:59:08.290-05:00","eventName":"n8n.node.started","message":"n8n.node.started","payload":{"workflowId":"F9MOsY9ig6xDqFOn","workflowName":"Telegram ventas","executionId":"55","nodeType":"n8n-nodes-base.code","nodeName":"Code in JavaScript","nodeId":"0b90cd4f-9ad6-4409-8f10-71283d02f19e"}}
{"__type":"$$EventMessageConfirm","confirm":"e38a9187-6c0c-4537-8b6f-75f92023d2a9","ts":"2025-11-07T19:59:08.290-05:00","source":{"id":"0","name":"eventBus"}}
{"__type":"$$EventMessageNode","id":"1053fe03-fe8b-4aa0-9d0c-fbcfe2321c84","ts":"2025-11-07T19:59:08.300-05:00","eventName":"n8n.node.finished","message":"n8n.node.finished","payload":{"workflowId":"F9MOsY9ig6xDqFOn","workflowName":"Telegram ventas","executionId":"55","nodeType":"n8n-nodes-base.code","nodeName":"Code in JavaScript","nodeId":"0b90cd4f-9ad6-4409-8f10-71283d02f19e"}}
{"__type":"$$EventMessageConfirm","confirm":"1053fe03-fe8b-4aa0-9d0c-fbcfe2321c84","ts":"2025-11-07T19:59:08.300-05:00","source":{"id":"0","name":"eventBus"}}
{"__type":"$$EventMessageNode","id":"9834892d-cacf-4c97-8df8-619c2c5b77a5","ts":"2025-11-07T19:59:08.300-05:00","eventName":"n8n.node.started","message":"n8n.node.started","payload":{"workflowId":"F9MOsY9ig6xDqFOn","workflowName":"Telegram ventas","executionId":"55","nodeType":"n8n-nodes-base.googleSheets","nodeName":"Append row in sheet","nodeId":"8d6a918e-060e-4ed5-94a8-f9ca5b2e742f"}}
{"__type":"$$EventMessageConfirm","confirm":"9834892d-cacf-4c97-8df8-619c2c5b77a5","ts":"2025-11-07T19:59:08.300-05:00","source":{"id":"0","name":"eventBus"}}
{"__type":"$$EventMessageNode","id":"2bc4e507-96e9-4a86-8916-19ae0c2f9024","ts":"2025-11-07T19:59:10.447-05:00","eventName":"n8n.node.finished","message":"n8n.node.finished","payload":{"workflowId":"F9MOsY9ig6xDqFOn","workflowName":"Telegram ventas","executionId":"55","nodeType":"n8n-nodes-base.googleSheets","nodeName":"Append row in sheet","nodeId":"8d6a918e-060e-4ed5-94a8-f9ca5b2e742f"}}
{"__type":"$$EventMessageConfirm","confirm":"2bc4e507-96e9-4a86-8916-19ae0c2f9024","ts":"2025-11-07T19:59:10.447-05:00","source":{"id":"0","name":"eventBus"}}
{"__type":"$$EventMessageWorkflow","id":"c7c31841-0a5c-4c30-be2c-63d8c3d512d3","ts":"2025-11-07T19:59:10.447-05:00","eventName":"n8n.workflow.success","message":"n8n.workflow.success","payload":{"executionId":"55","success":true,"isManual":false,"workflowId":"F9MOsY9ig6xDqFOn","workflowName":"Telegram ventas"}}
{"__type":"$$EventMessageConfirm","confirm":"c7c31841-0a5c-4c30-be2c-63d8c3d512d3","ts":"2025-11-07T19:59:10.447-05:00","source":{"id":"0","name":"eventBus"}}
{"__type":"$$EventMessageAudit","id":"703a7c06-d5ec-4f12-95f8-c05b75ab99b5","ts":"2025-11-07T20:00:37.060-05:00","eventName":"n8n.audit.workflow.updated","message":"n8n.audit.workflow.updated","payload":{"userId":"a847cc1d-d439-4c8d-ac02-192de4d567cd","_email":"fabianvillablanca97@gmail.com","_firstName":"Fabian","_lastName":"Villablanca","globalRole":"global:owner","workflowId":"F9MOsY9ig6xDqFOn","workflowName":"Telegram ventas"}}
{"__type":"$$EventMessageConfirm","confirm":"703a7c06-d5ec-4f12-95f8-c05b75ab99b5","ts":"2025-11-07T20:00:37.060-05:00","source":{"id":"0","name":"eventBus"}}
{"__type":"$$EventMessageAudit","id":"73f6f16f-45d6-49a0-81da-dd3113c3c6f3","ts":"2025-11-07T20:00:40.840-05:00","eventName":"n8n.audit.workflow.updated","message":"n8n.audit.workflow.updated","payload":{"userId":"a847cc1d-d439-4c8d-ac02-192de4d567cd","_email":"fabianvillablanca97@gmail.com","_firstName":"Fabian","_lastName":"Villablanca","globalRole":"global:owner","workflowId":"F9MOsY9ig6xDqFOn","workflowName":"Telegram ventas"}}
{"__type":"$$EventMessageConfirm","confirm":"73f6f16f-45d6-49a0-81da-dd3113c3c6f3","ts":"2025-11-07T20:00:40.840-05:00","source":{"id":"0","name":"eventBus"}}
{"__type":"$$EventMessageWorkflow","id":"6b4b9f68-acb1-4ff8-8fb3-b3b56a811a80","ts":"2025-11-07T20:00:45.595-05:00","eventName":"n8n.workflow.started","message":"n8n.workflow.started","payload":{"executionId":"56","workflowId":"F9MOsY9ig6xDqFOn","isManual":false,"workflowName":"Telegram ventas"}}
{"__type":"$$EventMessageConfirm","confirm":"6b4b9f68-acb1-4ff8-8fb3-b3b56a811a80","ts":"2025-11-07T20:00:45.595-05:00","source":{"id":"0","name":"eventBus"}}
{"__type":"$$EventMessageNode","id":"8eb71f23-ee5d-4ab2-8d93-cd8eef8239a9","ts":"2025-11-07T20:00:45.596-05:00","eventName":"n8n.node.started","message":"n8n.node.started","payload":{"workflowId":"F9MOsY9ig6xDqFOn","workflowName":"Telegram ventas","executionId":"56","nodeType":"n8n-nodes-base.code","nodeName":"Code in JavaScript","nodeId":"0b90cd4f-9ad6-4409-8f10-71283d02f19e"}}
{"__type":"$$EventMessageConfirm","confirm":"8eb71f23-ee5d-4ab2-8d93-cd8eef8239a9","ts":"2025-11-07T20:00:45.596-05:00","source":{"id":"0","name":"eventBus"}}
{"__type":"$$EventMessageNode","id":"8abe7893-bf0e-42ed-8636-576035bf624f","ts":"2025-11-07T20:00:45.617-05:00","eventName":"n8n.node.finished","message":"n8n.node.finished","payload":{"workflowId":"F9MOsY9ig6xDqFOn","workflowName":"Telegram ventas","executionId":"56","nodeType":"n8n-nodes-base.code","nodeName":"Code in JavaScript","nodeId":"0b90cd4f-9ad6-4409-8f10-71283d02f19e"}}
{"__type":"$$EventMessageConfirm","confirm":"8abe7893-bf0e-42ed-8636-576035bf624f","ts":"2025-11-07T20:00:45.617-05:00","source":{"id":"0","name":"eventBus"}}
{"__type":"$$EventMessageWorkflow","id":"4b9d503b-f943-489e-94e7-06fce7ea8edb","ts":"2025-11-07T20:00:45.622-05:00","eventName":"n8n.workflow.success","message":"n8n.workflow.success","payload":{"userId":"a847cc1d-d439-4c8d-ac02-192de4d567cd","executionId":"56","success":true,"isManual":true,"workflowId":"F9MOsY9ig6xDqFOn","workflowName":"Telegram ventas"}}
{"__type":"$$EventMessageConfirm","confirm":"4b9d503b-f943-489e-94e7-06fce7ea8edb","ts":"2025-11-07T20:00:45.622-05:00","source":{"id":"0","name":"eventBus"}}
{"__type":"$$EventMessageWorkflow","id":"b0fadf83-01ee-4f6a-a867-7e776b8dee97","ts":"2025-11-07T20:01:38.491-05:00","eventName":"n8n.workflow.started","message":"n8n.workflow.started","payload":{"executionId":"57","workflowId":"F9MOsY9ig6xDqFOn","isManual":false,"workflowName":"Telegram ventas"}}
{"__type":"$$EventMessageConfirm","confirm":"b0fadf83-01ee-4f6a-a867-7e776b8dee97","ts":"2025-11-07T20:01:38.491-05:00","source":{"id":"0","name":"eventBus"}}
{"__type":"$$EventMessageNode","id":"8ee8a1d3-f992-4b43-9650-fe426f6e0e4f","ts":"2025-11-07T20:01:38.492-05:00","eventName":"n8n.node.started","message":"n8n.node.started","payload":{"workflowId":"F9MOsY9ig6xDqFOn","workflowName":"Telegram ventas","executionId":"57","nodeType":"n8n-nodes-base.code","nodeName":"Code in JavaScript","nodeId":"0b90cd4f-9ad6-4409-8f10-71283d02f19e"}}
{"__type":"$$EventMessageConfirm","confirm":"8ee8a1d3-f992-4b43-9650-fe426f6e0e4f","ts":"2025-11-07T20:01:38.492-05:00","source":{"id":"0","name":"eventBus"}}
{"__type":"$$EventMessageNode","id":"631360d4-33d3-47d1-9b85-652523f12dc0","ts":"2025-11-07T20:01:38.516-05:00","eventName":"n8n.node.finished","message":"n8n.node.finished","payload":{"workflowId":"F9MOsY9ig6xDqFOn","workflowName":"Telegram ventas","executionId":"57","nodeType":"n8n-nodes-base.code","nodeName":"Code in JavaScript","nodeId":"0b90cd4f-9ad6-4409-8f10-71283d02f19e"}}
{"__type":"$$EventMessageConfirm","confirm":"631360d4-33d3-47d1-9b85-652523f12dc0","ts":"2025-11-07T20:01:38.516-05:00","source":{"id":"0","name":"eventBus"}}
{"__type":"$$EventMessageWorkflow","id":"5a19e418-c301-4c49-9114-748502c56b84","ts":"2025-11-07T20:01:38.518-05:00","eventName":"n8n.workflow.success","message":"n8n.workflow.success","payload":{"userId":"a847cc1d-d439-4c8d-ac02-192de4d567cd","executionId":"57","success":true,"isManual":true,"workflowId":"F9MOsY9ig6xDqFOn","workflowName":"Telegram ventas"}}
{"__type":"$$EventMessageConfirm","confirm":"5a19e418-c301-4c49-9114-748502c56b84","ts":"2025-11-07T20:01:38.518-05:00","source":{"id":"0","name":"eventBus"}}
{"__type":"$$EventMessageWorkflow","id":"5c1a1b5e-bdad-4b4c-aa26-b077be43aadf","ts":"2025-11-07T20:29:13.100-05:00","eventName":"n8n.workflow.started","message":"n8n.workflow.started","payload":{"executionId":"58","workflowId":"F9MOsY9ig6xDqFOn","isManual":false,"workflowName":"Telegram ventas"}}
{"__type":"$$EventMessageConfirm","confirm":"5c1a1b5e-bdad-4b4c-aa26-b077be43aadf","ts":"2025-11-07T20:29:13.100-05:00","source":{"id":"0","name":"eventBus"}}
{"__type":"$$EventMessageNode","id":"26b247fe-a329-4ee6-9dc8-a0d918ceeadd","ts":"2025-11-07T20:29:13.101-05:00","eventName":"n8n.node.started","message":"n8n.node.started","payload":{"workflowId":"F9MOsY9ig6xDqFOn","workflowName":"Telegram ventas","executionId":"58","nodeType":"n8n-nodes-base.code","nodeName":"Code in JavaScript","nodeId":"0b90cd4f-9ad6-4409-8f10-71283d02f19e"}}
{"__type":"$$EventMessageConfirm","confirm":"26b247fe-a329-4ee6-9dc8-a0d918ceeadd","ts":"2025-11-07T20:29:13.101-05:00","source":{"id":"0","name":"eventBus"}}
{"__type":"$$EventMessageNode","id":"8a14686b-1301-491d-aca8-3ac34aaa421c","ts":"2025-11-07T20:29:13.136-05:00","eventName":"n8n.node.finished","message":"n8n.node.finished","payload":{"workflowId":"F9MOsY9ig6xDqFOn","workflowName":"Telegram ventas","executionId":"58","nodeType":"n8n-nodes-base.code","nodeName":"Code in JavaScript","nodeId":"0b90cd4f-9ad6-4409-8f10-71283d02f19e"}}
{"__type":"$$EventMessageConfirm","confirm":"8a14686b-1301-491d-aca8-3ac34aaa421c","ts":"2025-11-07T20:29:13.136-05:00","source":{"id":"0","name":"eventBus"}}
{"__type":"$$EventMessageWorkflow","id":"de3a29e1-1d70-4995-aa3c-55f75f196af2","ts":"2025-11-07T20:29:13.139-05:00","eventName":"n8n.workflow.success","message":"n8n.workflow.success","payload":{"userId":"a847cc1d-d439-4c8d-ac02-192de4d567cd","executionId":"58","success":true,"isManual":true,"workflowId":"F9MOsY9ig6xDqFOn","workflowName":"Telegram ventas"}}
{"__type":"$$EventMessageConfirm","confirm":"de3a29e1-1d70-4995-aa3c-55f75f196af2","ts":"2025-11-07T20:29:13.139-05:00","source":{"id":"0","name":"eventBus"}}
{"__type":"$$EventMessageAudit","id":"8df31bed-8f45-467e-9568-da081c2fee80","ts":"2025-11-07T20:29:25.451-05:00","eventName":"n8n.audit.workflow.updated","message":"n8n.audit.workflow.updated","payload":{"userId":"a847cc1d-d439-4c8d-ac02-192de4d567cd","_email":"fabianvillablanca97@gmail.com","_firstName":"Fabian","_lastName":"Villablanca","globalRole":"global:owner","workflowId":"F9MOsY9ig6xDqFOn","workflowName":"Telegram ventas"}}
{"__type":"$$EventMessageConfirm","confirm":"8df31bed-8f45-467e-9568-da081c2fee80","ts":"2025-11-07T20:29:25.451-05:00","source":{"id":"0","name":"eventBus"}}
{"__type":"$$EventMessageWorkflow","id":"0782e60b-0cb9-499a-a274-ff980dc8711e","ts":"2025-11-07T20:29:39.654-05:00","eventName":"n8n.workflow.started","message":"n8n.workflow.started","payload":{"executionId":"59","workflowId":"F9MOsY9ig6xDqFOn","isManual":false,"workflowName":"Telegram ventas"}}
{"__type":"$$EventMessageConfirm","confirm":"0782e60b-0cb9-499a-a274-ff980dc8711e","ts":"2025-11-07T20:29:39.654-05:00","source":{"id":"0","name":"eventBus"}}
{"__type":"$$EventMessageNode","id":"52e8fbbf-83d0-4b71-802b-8e74008c2d56","ts":"2025-11-07T20:29:39.654-05:00","eventName":"n8n.node.started","message":"n8n.node.started","payload":{"workflowId":"F9MOsY9ig6xDqFOn","workflowName":"Telegram ventas","executionId":"59","nodeType":"n8n-nodes-base.telegramTrigger","nodeName":"Telegram Trigger","nodeId":"d8dad8de-bbff-4981-8299-ca61adb305d8"}}
{"__type":"$$EventMessageConfirm","confirm":"52e8fbbf-83d0-4b71-802b-8e74008c2d56","ts":"2025-11-07T20:29:39.654-05:00","source":{"id":"0","name":"eventBus"}}
{"__type":"$$EventMessageNode","id":"5035dacf-727f-4628-b180-e3f5f6bade4b","ts":"2025-11-07T20:29:39.655-05:00","eventName":"n8n.node.finished","message":"n8n.node.finished","payload":{"workflowId":"F9MOsY9ig6xDqFOn","workflowName":"Telegram ventas","executionId":"59","nodeType":"n8n-nodes-base.telegramTrigger","nodeName":"Telegram Trigger","nodeId":"d8dad8de-bbff-4981-8299-ca61adb305d8"}}
{"__type":"$$EventMessageConfirm","confirm":"5035dacf-727f-4628-b180-e3f5f6bade4b","ts":"2025-11-07T20:29:39.655-05:00","source":{"id":"0","name":"eventBus"}}
{"__type":"$$EventMessageNode","id":"41cb7c1f-601b-49e1-82f9-d131b4fc6954","ts":"2025-11-07T20:29:39.655-05:00","eventName":"n8n.node.started","message":"n8n.node.started","payload":{"workflowId":"F9MOsY9ig6xDqFOn","workflowName":"Telegram ventas","executionId":"59","nodeType":"n8n-nodes-base.set","nodeName":"Edit Fields","nodeId":"0adcd2be-3121-4a7d-8bbf-4d85519b26da"}}
{"__type":"$$EventMessageConfirm","confirm":"41cb7c1f-601b-49e1-82f9-d131b4fc6954","ts":"2025-11-07T20:29:39.655-05:00","source":{"id":"0","name":"eventBus"}}
{"__type":"$$EventMessageNode","id":"58a984b9-fbc9-4562-89a0-fa886b4dd6a7","ts":"2025-11-07T20:29:39.656-05:00","eventName":"n8n.node.finished","message":"n8n.node.finished","payload":{"workflowId":"F9MOsY9ig6xDqFOn","workflowName":"Telegram ventas","executionId":"59","nodeType":"n8n-nodes-base.set","nodeName":"Edit Fields","nodeId":"0adcd2be-3121-4a7d-8bbf-4d85519b26da"}}
{"__type":"$$EventMessageConfirm","confirm":"58a984b9-fbc9-4562-89a0-fa886b4dd6a7","ts":"2025-11-07T20:29:39.656-05:00","source":{"id":"0","name":"eventBus"}}
{"__type":"$$EventMessageNode","id":"940fcb9a-ac26-4b62-92c4-be1c098f5d9b","ts":"2025-11-07T20:29:39.656-05:00","eventName":"n8n.node.started","message":"n8n.node.started","payload":{"workflowId":"F9MOsY9ig6xDqFOn","workflowName":"Telegram ventas","executionId":"59","nodeType":"n8n-nodes-base.code","nodeName":"Code in JavaScript","nodeId":"0b90cd4f-9ad6-4409-8f10-71283d02f19e"}}
{"__type":"$$EventMessageConfirm","confirm":"940fcb9a-ac26-4b62-92c4-be1c098f5d9b","ts":"2025-11-07T20:29:39.657-05:00","source":{"id":"0","name":"eventBus"}}
{"__type":"$$EventMessageNode","id":"30195e85-ad42-4397-8699-75284b8b5c62","ts":"2025-11-07T20:29:39.670-05:00","eventName":"n8n.node.finished","message":"n8n.node.finished","payload":{"workflowId":"F9MOsY9ig6xDqFOn","workflowName":"Telegram ventas","executionId":"59","nodeType":"n8n-nodes-base.code","nodeName":"Code in JavaScript","nodeId":"0b90cd4f-9ad6-4409-8f10-71283d02f19e"}}
{"__type":"$$EventMessageConfirm","confirm":"30195e85-ad42-4397-8699-75284b8b5c62","ts":"2025-11-07T20:29:39.670-05:00","source":{"id":"0","name":"eventBus"}}
{"__type":"$$EventMessageNode","id":"ea88df64-7c57-454b-8bbc-76571a214b1e","ts":"2025-11-07T20:29:39.671-05:00","eventName":"n8n.node.started","message":"n8n.node.started","payload":{"workflowId":"F9MOsY9ig6xDqFOn","workflowName":"Telegram ventas","executionId":"59","nodeType":"n8n-nodes-base.googleSheets","nodeName":"Append row in sheet","nodeId":"8d6a918e-060e-4ed5-94a8-f9ca5b2e742f"}}
{"__type":"$$EventMessageConfirm","confirm":"ea88df64-7c57-454b-8bbc-76571a214b1e","ts":"2025-11-07T20:29:39.671-05:00","source":{"id":"0","name":"eventBus"}}
{"__type":"$$EventMessageNode","id":"dbc86bc2-9f41-4b1b-a7ce-addcf7f6927e","ts":"2025-11-07T20:29:42.939-05:00","eventName":"n8n.node.finished","message":"n8n.node.finished","payload":{"workflowId":"F9MOsY9ig6xDqFOn","workflowName":"Telegram ventas","executionId":"59","nodeType":"n8n-nodes-base.googleSheets","nodeName":"Append row in sheet","nodeId":"8d6a918e-060e-4ed5-94a8-f9ca5b2e742f"}}
{"__type":"$$EventMessageConfirm","confirm":"dbc86bc2-9f41-4b1b-a7ce-addcf7f6927e","ts":"2025-11-07T20:29:42.940-05:00","source":{"id":"0","name":"eventBus"}}
{"__type":"$$EventMessageWorkflow","id":"5a8a3ecd-e1ac-4f49-b851-e03a3ec8584f","ts":"2025-11-07T20:29:42.940-05:00","eventName":"n8n.workflow.success","message":"n8n.workflow.success","payload":{"executionId":"59","success":true,"isManual":false,"workflowId":"F9MOsY9ig6xDqFOn","workflowName":"Telegram ventas"}}
{"__type":"$$EventMessageConfirm","confirm":"5a8a3ecd-e1ac-4f49-b851-e03a3ec8584f","ts":"2025-11-07T20:29:42.940-05:00","source":{"id":"0","name":"eventBus"}}
{"__type":"$$EventMessageAudit","id":"339aeabe-14c5-4035-92fc-d1f8768c716e","ts":"2025-11-07T20:29:58.585-05:00","eventName":"n8n.audit.workflow.updated","message":"n8n.audit.workflow.updated","payload":{"userId":"a847cc1d-d439-4c8d-ac02-192de4d567cd","_email":"fabianvillablanca97@gmail.com","_firstName":"Fabian","_lastName":"Villablanca","globalRole":"global:owner","workflowId":"F9MOsY9ig6xDqFOn","workflowName":"Telegram ventas"}}
{"__type":"$$EventMessageConfirm","confirm":"339aeabe-14c5-4035-92fc-d1f8768c716e","ts":"2025-11-07T20:29:58.585-05:00","source":{"id":"0","name":"eventBus"}}
{"__type":"$$EventMessageWorkflow","id":"b482f7d9-3674-4ee7-8094-cceaae8959e2","ts":"2025-11-07T20:30:05.902-05:00","eventName":"n8n.workflow.started","message":"n8n.workflow.started","payload":{"executionId":"60","workflowId":"F9MOsY9ig6xDqFOn","isManual":false,"workflowName":"Telegram ventas"}}
{"__type":"$$EventMessageConfirm","confirm":"b482f7d9-3674-4ee7-8094-cceaae8959e2","ts":"2025-11-07T20:30:05.902-05:00","source":{"id":"0","name":"eventBus"}}
{"__type":"$$EventMessageNode","id":"bd405b2d-4f19-45ac-bdb4-e896e6c932b8","ts":"2025-11-07T20:30:05.903-05:00","eventName":"n8n.node.started","message":"n8n.node.started","payload":{"workflowId":"F9MOsY9ig6xDqFOn","workflowName":"Telegram ventas","executionId":"60","nodeType":"n8n-nodes-base.telegramTrigger","nodeName":"Telegram Trigger","nodeId":"d8dad8de-bbff-4981-8299-ca61adb305d8"}}
{"__type":"$$EventMessageConfirm","confirm":"bd405b2d-4f19-45ac-bdb4-e896e6c932b8","ts":"2025-11-07T20:30:05.903-05:00","source":{"id":"0","name":"eventBus"}}
{"__type":"$$EventMessageNode","id":"22054dd9-0579-4e54-880a-a3ef0138073e","ts":"2025-11-07T20:30:05.904-05:00","eventName":"n8n.node.finished","message":"n8n.node.finished","payload":{"workflowId":"F9MOsY9ig6xDqFOn","workflowName":"Telegram ventas","executionId":"60","nodeType":"n8n-nodes-base.telegramTrigger","nodeName":"Telegram Trigger","nodeId":"d8dad8de-bbff-4981-8299-ca61adb305d8"}}
{"__type":"$$EventMessageConfirm","confirm":"22054dd9-0579-4e54-880a-a3ef0138073e","ts":"2025-11-07T20:30:05.904-05:00","source":{"id":"0","name":"eventBus"}}
{"__type":"$$EventMessageNode","id":"6e0288cf-3d32-4e4c-a3eb-2c248e62337d","ts":"2025-11-07T20:30:05.905-05:00","eventName":"n8n.node.started","message":"n8n.node.started","payload":{"workflowId":"F9MOsY9ig6xDqFOn","workflowName":"Telegram ventas","executionId":"60","nodeType":"n8n-nodes-base.set","nodeName":"Edit Fields","nodeId":"0adcd2be-3121-4a7d-8bbf-4d85519b26da"}}
{"__type":"$$EventMessageConfirm","confirm":"6e0288cf-3d32-4e4c-a3eb-2c248e62337d","ts":"2025-11-07T20:30:05.905-05:00","source":{"id":"0","name":"eventBus"}}
{"__type":"$$EventMessageNode","id":"6891f5a3-0eba-4ae3-9e45-d999b83a5d33","ts":"2025-11-07T20:30:05.908-05:00","eventName":"n8n.node.finished","message":"n8n.node.finished","payload":{"workflowId":"F9MOsY9ig6xDqFOn","workflowName":"Telegram ventas","executionId":"60","nodeType":"n8n-nodes-base.set","nodeName":"Edit Fields","nodeId":"0adcd2be-3121-4a7d-8bbf-4d85519b26da"}}
{"__type":"$$EventMessageConfirm","confirm":"6891f5a3-0eba-4ae3-9e45-d999b83a5d33","ts":"2025-11-07T20:30:05.908-05:00","source":{"id":"0","name":"eventBus"}}
{"__type":"$$EventMessageNode","id":"731affa3-27a0-4bb6-b61d-bdf85b65495f","ts":"2025-11-07T20:30:05.909-05:00","eventName":"n8n.node.started","message":"n8n.node.started","payload":{"workflowId":"F9MOsY9ig6xDqFOn","workflowName":"Telegram ventas","executionId":"60","nodeType":"n8n-nodes-base.code","nodeName":"Code in JavaScript","nodeId":"0b90cd4f-9ad6-4409-8f10-71283d02f19e"}}
{"__type":"$$EventMessageConfirm","confirm":"731affa3-27a0-4bb6-b61d-bdf85b65495f","ts":"2025-11-07T20:30:05.909-05:00","source":{"id":"0","name":"eventBus"}}
{"__type":"$$EventMessageNode","id":"08e99794-7cd3-4acc-8cd0-802a742a25f8","ts":"2025-11-07T20:30:05.926-05:00","eventName":"n8n.node.finished","message":"n8n.node.finished","payload":{"workflowId":"F9MOsY9ig6xDqFOn","workflowName":"Telegram ventas","executionId":"60","nodeType":"n8n-nodes-base.code","nodeName":"Code in JavaScript","nodeId":"0b90cd4f-9ad6-4409-8f10-71283d02f19e"}}
{"__type":"$$EventMessageConfirm","confirm":"08e99794-7cd3-4acc-8cd0-802a742a25f8","ts":"2025-11-07T20:30:05.926-05:00","source":{"id":"0","name":"eventBus"}}
{"__type":"$$EventMessageNode","id":"d6441292-2fd6-423a-8cf0-7f2d23c303ab","ts":"2025-11-07T20:30:05.927-05:00","eventName":"n8n.node.started","message":"n8n.node.started","payload":{"workflowId":"F9MOsY9ig6xDqFOn","workflowName":"Telegram ventas","executionId":"60","nodeType":"n8n-nodes-base.googleSheets","nodeName":"Append row in sheet","nodeId":"8d6a918e-060e-4ed5-94a8-f9ca5b2e742f"}}
{"__type":"$$EventMessageConfirm","confirm":"d6441292-2fd6-423a-8cf0-7f2d23c303ab","ts":"2025-11-07T20:30:05.928-05:00","source":{"id":"0","name":"eventBus"}}
{"__type":"$$EventMessageNode","id":"5de9e9d6-a62b-43e2-806c-4b0ba674bc06","ts":"2025-11-07T20:30:08.164-05:00","eventName":"n8n.node.finished","message":"n8n.node.finished","payload":{"workflowId":"F9MOsY9ig6xDqFOn","workflowName":"Telegram ventas","executionId":"60","nodeType":"n8n-nodes-base.googleSheets","nodeName":"Append row in sheet","nodeId":"8d6a918e-060e-4ed5-94a8-f9ca5b2e742f"}}
{"__type":"$$EventMessageConfirm","confirm":"5de9e9d6-a62b-43e2-806c-4b0ba674bc06","ts":"2025-11-07T20:30:08.164-05:00","source":{"id":"0","name":"eventBus"}}
{"__type":"$$EventMessageWorkflow","id":"7ab1c039-48b9-4b75-9edc-9f26c52c0f89","ts":"2025-11-07T20:30:08.167-05:00","eventName":"n8n.workflow.success","message":"n8n.workflow.success","payload":{"executionId":"60","success":true,"isManual":true,"workflowId":"F9MOsY9ig6xDqFOn","workflowName":"Telegram ventas"}}
{"__type":"$$EventMessageConfirm","confirm":"7ab1c039-48b9-4b75-9edc-9f26c52c0f89","ts":"2025-11-07T20:30:08.167-05:00","source":{"id":"0","name":"eventBus"}}
{"__type":"$$EventMessageWorkflow","id":"e99466cf-0281-4b0c-83de-c07967c07c08","ts":"2025-11-07T20:30:25.844-05:00","eventName":"n8n.workflow.started","message":"n8n.workflow.started","payload":{"executionId":"61","workflowId":"F9MOsY9ig6xDqFOn","isManual":false,"workflowName":"Telegram ventas"}}
{"__type":"$$EventMessageConfirm","confirm":"e99466cf-0281-4b0c-83de-c07967c07c08","ts":"2025-11-07T20:30:25.844-05:00","source":{"id":"0","name":"eventBus"}}
{"__type":"$$EventMessageNode","id":"8c79793a-6b14-4724-8c46-469ebc7fc33e","ts":"2025-11-07T20:30:25.845-05:00","eventName":"n8n.node.started","message":"n8n.node.started","payload":{"workflowId":"F9MOsY9ig6xDqFOn","workflowName":"Telegram ventas","executionId":"61","nodeType":"n8n-nodes-base.code","nodeName":"Code in JavaScript","nodeId":"0b90cd4f-9ad6-4409-8f10-71283d02f19e"}}
{"__type":"$$EventMessageConfirm","confirm":"8c79793a-6b14-4724-8c46-469ebc7fc33e","ts":"2025-11-07T20:30:25.845-05:00","source":{"id":"0","name":"eventBus"}}
{"__type":"$$EventMessageNode","id":"88522b6a-dda7-45db-a103-490aaa830a2f","ts":"2025-11-07T20:30:25.854-05:00","eventName":"n8n.node.finished","message":"n8n.node.finished","payload":{"workflowId":"F9MOsY9ig6xDqFOn","workflowName":"Telegram ventas","executionId":"61","nodeType":"n8n-nodes-base.code","nodeName":"Code in JavaScript","nodeId":"0b90cd4f-9ad6-4409-8f10-71283d02f19e"}}
{"__type":"$$EventMessageConfirm","confirm":"88522b6a-dda7-45db-a103-490aaa830a2f","ts":"2025-11-07T20:30:25.855-05:00","source":{"id":"0","name":"eventBus"}}
{"__type":"$$EventMessageWorkflow","id":"9447b388-3a3c-459c-b171-bc001046e003","ts":"2025-11-07T20:30:25.862-05:00","eventName":"n8n.workflow.success","message":"n8n.workflow.success","payload":{"userId":"a847cc1d-d439-4c8d-ac02-192de4d567cd","executionId":"61","success":true,"isManual":true,"workflowId":"F9MOsY9ig6xDqFOn","workflowName":"Telegram ventas"}}
{"__type":"$$EventMessageConfirm","confirm":"9447b388-3a3c-459c-b171-bc001046e003","ts":"2025-11-07T20:30:25.862-05:00","source":{"id":"0","name":"eventBus"}}
